Rk,Team,Conf,G,Rec,AdjOE,AdjDE,Barthag,EFG%,EFGD%,TOR,TORD,ORB,DRB,FTR,FTRD,2P%,2P%D,3P%,3P%D,3PR,3PRD,Adj T.,WAB
1,"Houston",B12,34,30-415–3,119.215,85.51,.97851,49.7228,44.02,13.79,24.73,36.912,30.2229,29.9260,39.0307,48.4260,43.43,34.7138,30.013,36.6201,40.9293,63.3349,+10.63
2,"Connecticut",BE,34,31-318–2,127.01,93.611,.97122,57.16,45.13,14.950,16.2232,36.514,26.883,33.3161,32.5173,58.56,43.76,36.730,31.961,40.987,33.248,64.6325,+11.31
3,"Purdue",B10,33,29-417–3,126.22,94.718,.96453,56.013,47.747,16.5144,14.0336,37.48,24.723,42.88,23.010,53.269,48.176,40.82,31.442,35.0243,37.2184,67.6168,+11.02
4,"Iowa St.",B12,34,27-713–5,113.751,86.52,.95824,51.9107,47.128,15.782,25.72,31.694,29.4197,36.191,35.2249,51.7118,46.945,34.9122,31.548,32.0301,45.0353,67.6170,+6.94
5,"Auburn",SEC,34,27-713–5,120.710,92.16,.95745,54.140,43.41,14.950,18.297,32.959,30.3233,38.248,41.0331,54.929,42.81,35.2109,29.89,37.5177,33.351,69.858,+5.59
6,"Arizona",P12,33,25-815–5,121.57,93.612,.95266,55.024,48.779,16.1108,18.1104,36.316,23.15,36.781,25.721,54.635,47.867,37.123,33.4147,32.6294,38.2214,72.016,+4.911
7,"Tennessee",SEC,32,24-814–4,115.633,91.33,.93837,51.5130,45.46,14.638,18.962,32.474,28.6155,34.3132,35.8260,51.6124,44.39,34.2158,31.442,41.376,41.4308,69.278,+5.88
8,"Marquette",BE,34,25-914–6,118.919,94.617,.93298,55.122,49.7130,14.327,21.120,26.0278,30.8267,25.6344,28.268,56.016,49.2122,35.870,33.6155,40.596,43.1340,69.186,+6.56
9,"North Carolina",ACC,34,27-717–3,116.826,93.28,.93059,51.3142,46.416,14.432,14.9307,32.864,23.59,36.877,28.369,50.3174,46.023,35.496,31.442,35.9216,36.1126,70.446,+6.65
10,"Creighton",BE,32,23-914–6,120.612,96.527,.928810,57.53,46.416,15.366,11.2362,25.9280,24.622,24.5353,16.21,60.63,45.720,36.153,32.278,48.97,27.24,66.9213,+4.413
11,"Duke",ACC,32,24-815–5,120.89,96.830,.927111,55.220,49.087,14.327,16.9176,31.886,25.956,33.8148,27.654,54.438,49.1117,37.713,32.696,37.4181,35.5109,66.9217,+3.319
12,"Illinois",B10,34,26-814–6,125.33,101.197,.922112,53.846,48.052,15.159,12.3360,36.217,26.159,37.858,27.140,54.732,46.635,34.9122,34.3211,38.3150,27.97,69.956,+6.07
13,"Saint Mary's",WCC,32,26-715–1,115.830,93.713,.919813,53.165,45.13,16.0102,16.7191,39.03,22.42,28.3303,32.2166,53.074,43.65,35.590,32.485,36.7197,29.08,62.1358,+1.437
14,"Gonzaga",WCC,31,25-714–2,121.28,98.650,.914914,56.78,47.334,14.016,16.5207,33.351,27.299,31.5220,25.823,58.37,45.113,35.590,34.0183,31.4309,36.9171,69.185,+2.526
15,"Alabama",SEC,32,21-1113–5,125.24,102.0119,.912815,56.311,49.9143,16.0102,15.6277,34.926,29.9218,35.2111,39.6319,57.69,51.1214,36.533,31.961,46.818,36.7154,72.513,+3.415
16,"Kansas",B12,31,22-1010–8,113.552,92.77,.911416,53.453,47.642,16.4134,16.8186,25.3291,26.468,32.8178,28.577,54.830,45.315,33.3210,33.8165,29.7334,41.1300,68.993,+4.314
17,"Baylor",B12,32,23-1011–7,122.26,99.978,.910417,55.616,51.3221,17.7217,17.1161,35.123,27.195,40.520,30.9131,53.456,51.9244,39.44,33.5150,38.3150,35.5109,65.7274,+5.110
18,"BYU",B12,33,23-1010–8,120.611,99.059,.906818,55.122,48.052,15.263,16.0249,32.864,24.723,25.3347,32.1163,58.08,48.278,34.8129,31.857,50.72,34.169,69.090,+2.921
19,"Wisconsin",B10,35,22-1311–9,119.813,98.854,.902019,52.482,52.2271,14.638,16.9176,30.5118,24.518,33.5156,33.2198,52.685,50.4178,34.8129,37.1343,35.4227,34.476,65.0312,+3.318
20,"Texas",B12,32,20-129–9,119.018,98.342,.900620,53.749,49.087,16.6153,18.674,30.5118,30.0221,30.4248,35.0244,53.456,47.453,36.153,34.8243,34.9248,32.436,67.2195,+1.242
21,St. John's,BE,33,20-1311–9,119.117,98.344,.900521,50.9157,49.5116,15.782,18.584,38.64,30.3233,27.3324,34.4228,50.8155,47.969,34.1165,35.0253,32.5295,35.9122,69.279,+0.3152
22,"Nebraska",B10,33,23-1012–8,115.732,95.624,.899822,53.261,46.315,15.996,16.4214,27.8218,30.0221,32.4193,27.757,52.878,45.214,35.870,31.961,44.529,41.7314,68.7105,+2.427
23,"Michigan St.",B10,33,19-1410–10,112.759,93.39,.898323,51.5130,48.052,14.742,18.771,29.9137,28.7163,29.9260,32.6176,50.5165,47.149,35.965,32.8112,30.2326,41.3307,65.3303,+0.2055
24,"Florida",SEC,35,24-1111–7,119.714,99.368,.895124,51.5130,48.882,15.891,14.5317,37.57,28.9171,38.643,34.2222,51.7118,49.0111,34.2158,32.278,34.5258,32.740,71.620,+3.020
25,"Kentucky",SEC,32,23-913–5,123.05,102.2123,.893525,57.44,49.5116,14.221,16.0249,28.9171,30.2229,30.4248,33.4203,54.732,49.8150,41.21,32.696,37.3184,39.9274,72.514,+2.922
26,"New Mexico",MWC,34,26-910–8,114.839,95.523,.892926,51.0154,48.052,13.914,19.547,33.446,27.092,33.1164,33.5206,51.4134,49.2122,33.4203,30.623,29.8332,36.6148,72.87,+1.731
27,"Colorado",P12,34,24-1013–7,117.224,98.038,.886427,55.318,49.3108,18.1249,15.2295,32.474,24.013,35.3109,28.166,53.652,50.1165,39.44,31.961,30.4322,35.3100,67.7160,+1.730
28,"Texas Tech",B12,33,23-1011–7,117.521,98.547,.884628,52.870,49.197,16.5144,17.0166,30.2124,30.3233,34.6130,26.632,51.5128,49.6145,36.533,32.172,41.180,39.0246,66.4245,+3.416
29,"San Diego St.",MWC,32,24-1011–7,111.569,93.914,.879129,49.8219,47.230,16.0102,18.0111,32.768,28.0128,37.566,33.3199,51.6124,48.384,31.3301,30.520,37.8166,40.5285,66.1262,+2.624
30,"Mississippi St.",SEC,34,21-138–10,112.661,94.919,.877130,51.7121,47.747,18.7291,18.297,35.421,27.6111,37.956,32.4171,53.456,50.2170,32.5247,29.46,38.2154,41.1300,67.2197,+0.848
31,"Northwestern",B10,32,21-1112–8,117.224,99.264,.871731,53.261,51.6247,13.36,18.867,25.7286,28.2138,29.9260,39.4315,49.7208,50.3176,39.44,35.9310,36.8191,36.9171,63.7343,+1.533
32,Villanova,BE,33,18-1510–10,110.487,93.510,.870932,50.7170,48.262,14.534,16.1241,25.2292,24.417,26.5338,25.925,50.4170,47.661,34.0174,32.7105,48.011,45.0353,63.3348,-1.170
33,"TCU",B12,33,21-129–9,114.540,97.131,.869333,51.9107,50.3169,17.9234,20.822,35.520,28.6155,35.1116,35.7256,51.2142,50.9203,35.684,32.8112,30.2326,35.296,69.954,+1.338
34,Wake Forest,ACC,33,20-1311–9,116.528,99.060,.866434,54.730,48.985,15.677,16.2232,26.3268,26.263,31.5220,30.7126,54.042,48.8103,37.221,32.696,37.7169,34.884,68.0140,-1.372
35,"Clemson",ACC,32,21-1111–9,116.727,99.369,.864635,53.944,48.779,14.950,13.6342,27.7220,25.233,30.6243,31.2137,54.438,47.149,35.496,34.0183,40.2103,40.6287,66.2257,+0.946
36,Ohio St.,B10,33,20-139–11,115.534,98.445,.863236,51.2146,48.262,15.677,15.9256,31.497,29.2189,33.9145,31.1135,51.0152,46.431,34.3153,34.7239,35.1237,33.146,65.4293,-0.2458
37,"Nevada",MWC,32,26-713–5,115.036,98.039,.863037,53.356,48.262,15.054,17.3145,27.5226,27.299,46.23,34.3224,52.685,49.1117,36.533,31.338,33.6274,41.0296,66.8224,+2.723
38,Pittsburgh,ACC,33,22-1112–8,115.731,98.956,.859638,51.6126,49.087,13.48,16.6198,31.0105,23.812,30.5246,30.5121,50.0190,50.8198,35.775,30.826,44.433,38.6238,65.8272,+0.3053
39,"Washington St.",P12,33,24-914–6,112.858,96.628,.855639,52.192,47.334,16.1108,15.9256,32.959,24.928,31.7213,32.7183,52.685,46.945,34.0174,32.068,32.0301,31.528,64.9314,+1.929
40,"Dayton",A10,31,24-714–4,117.422,100.692,.854940,56.69,47.951,15.891,15.7273,26.9256,29.0175,37.270,21.83,53.749,48.278,40.23,31.753,44.529,40.4284,64.0338,+2.625
41,"Boise St.",MWC,30,22-1013–5,114.046,97.836,.853841,51.6126,49.8135,16.5144,16.8186,32.571,23.15,36.191,33.1192,51.2142,52.1256,34.8129,30.623,39.8112,36.9171,66.6235,+0.947
42,Cincinnati,B12,34,20-147–11,111.277,95.521,.852242,50.0212,47.642,17.4203,17.6131,37.29,25.650,27.9311,29.6101,50.8155,46.431,32.4252,33.3138,36.1210,34.273,67.3189,-0.763
43,"Texas A&M",SEC,34,20-149–9,115.037,98.958,.849843,45.4344,50.1157,14.221,16.9176,41.91,28.0128,38.248,31.2137,47.0301,49.5137,28.4353,33.9172,38.1158,44.9351,65.6286,+0.2554
44,Indiana St.,MVC,33,28-617–3,117.520,101.3100,.846644,59.91,49.087,16.5144,15.5280,23.4330,23.15,32.5188,25.520,62.01,48.7100,38.410,33.0120,49.36,33.962,70.540,+1.928
45,"Colorado St.",MWC,32,24-1010–8,113.849,98.140,.846045,54.631,49.3108,14.845,16.9176,24.3305,27.5108,32.6184,31.8153,57.69,48.595,33.2212,34.0183,38.3150,34.066,65.8268,+1.435
46,Oklahoma,B12,32,20-128–10,113.155,97.634,.843946,53.165,47.438,18.1249,16.5207,30.1130,26.263,37.760,31.1135,53.943,48.9107,34.5146,29.910,38.5144,35.7114,67.1203,+1.243
47,"South Carolina",SEC,33,26-713–5,114.443,98.957,.842347,50.8161,48.052,15.571,14.9307,33.156,28.0128,31.8211,30.8130,51.1149,46.841,33.5198,33.6155,41.083,31.223,63.0353,+4.712
48,Utah,P12,33,19-149–11,112.956,97.632,.841948,53.749,48.677,16.3122,14.5317,28.3197,26.263,27.4322,26.228,53.845,47.251,35.775,34.0183,40.0105,36.3135,69.765,-1.168
49,"Drake",MVC,33,28-616–4,114.838,100.181,.828449,54.927,51.0207,13.914,17.4140,24.2312,22.11,32.6184,31.0133,55.123,51.9244,36.533,33.0120,39.6119,39.3250,67.8154,+1.732
50,Iowa,B10,32,18-1410–10,119.116,103.9146,.828150,52.772,52.1268,13.14,16.6198,27.6221,30.5246,33.0168,33.1192,53.074,51.0208,34.7138,36.1317,29.6336,35.3100,71.619,-0.3660
51,Seton Hall,BE,32,20-1213–7,111.668,97.735,.822451,49.8219,49.5116,18.8293,17.8124,35.919,29.3192,32.5188,27.446,50.1186,48.595,32.7240,33.8165,30.4322,42.1320,66.0263,+0.945
52,Butler,BE,31,18-149–11,112.463,98.751,.816952,51.8114,49.9143,15.263,16.1241,26.2271,29.0175,27.0329,22.55,51.5128,50.7193,34.8129,32.590,38.2154,37.6200,68.4120,-0.966
53,Virginia Tech,ACC,32,18-1410–10,116.029,101.8112,.816653,54.140,51.5239,16.3122,17.1161,25.2292,26.572,33.1164,30.0111,55.123,51.5227,35.1114,34.4224,42.156,34.066,67.5176,-2.278
54,"Florida Atlantic",Amer,33,25-814–4,117.323,103.0134,.816554,55.024,49.7130,15.891,16.5207,33.838,29.2189,34.8125,27.552,56.016,49.3127,35.684,33.6155,38.8135,36.3135,67.9144,+1.240
55,Providence,BE,34,21-1310–10,108.5115,95.320,.815055,51.7121,47.539,17.5205,17.1161,27.1244,27.7114,32.2196,27.961,53.749,45.618,32.8234,34.2203,44.334,34.578,67.8153,+0.849
56,"Oregon",P12,34,23-1112–8,113.354,99.673,.815056,51.8114,51.5239,14.845,17.9117,28.7177,27.195,32.3194,32.8188,52.782,51.6232,33.6194,34.3211,36.7197,36.2131,67.1199,+1.436
57,"Virginia",ACC,33,23-1013–7,104.6190,92.05,.814957,49.3245,46.212,13.25,19.351,26.0278,28.1133,25.1349,25.721,46.8309,46.635,36.346,30.417,32.7293,39.9274,60.0362,+1.241
58,"Utah St.",MWC,31,27-614–4,114.244,100.487,.814658,54.140,49.6126,15.782,16.4214,28.5186,25.439,40.026,30.4120,57.111,53.1304,32.1267,29.03,33.4281,36.7154,68.5109,+3.317
59,UCF,B12,32,17-157–11,106.5151,94.015,.808859,47.7284,47.539,18.0242,20.331,32.959,27.3103,37.270,39.0307,47.4289,45.922,32.1267,33.3138,35.8220,39.3250,68.4117,-2.480
60,Bradley,MVC,32,22-1113–7,111.865,98.855,.806360,55.714,47.642,18.1249,18.584,28.5186,27.9122,27.5319,35.7256,55.026,46.228,37.713,33.2132,42.156,38.0212,66.2255,-3.489
61,Washington,P12,32,17-159–11,114.442,101.299,.803761,53.552,50.1157,15.996,15.8265,27.1244,28.9171,32.1199,33.1192,53.845,49.9154,35.496,33.7160,36.8191,34.884,71.131,-3.692
62,Xavier,BE,33,16-179–11,111.471,98.753,.801162,49.0251,49.6126,16.2113,16.2232,32.177,29.0175,32.0202,30.0111,48.0273,49.4133,34.0174,33.3138,32.0301,35.9122,70.932,-2.177
63,"North Carolina St.",ACC,36,22-149–11,114.047,101.198,.798063,50.7170,50.5183,13.79,17.9117,28.6180,29.3192,32.5188,31.9155,50.1186,49.5137,34.6142,34.9248,33.5278,35.3100,67.9147,-0.662
64,Kansas St.,B12,33,19-148–10,107.8130,95.725,.798064,50.0212,46.519,21.3349,15.9256,32.571,30.5246,38.938,32.6176,51.5128,46.739,32.0274,30.725,41.180,36.7154,67.2192,+0.3651
65,Maryland,B10,33,16-177–13,105.7167,94.316,.789265,46.7321,46.723,17.5205,18.867,31.790,29.1182,40.816,33.5206,48.8243,45.720,28.9346,32.8112,37.5177,30.114,65.4294,-4.197
66,North Texas,Amer,30,18-1410–8,109.4101,97.837,.783266,50.8161,47.539,17.8224,19.645,33.935,31.9309,29.1287,40.3325,47.2295,46.841,37.713,32.590,38.9130,36.1126,61.3360,-5.8124
67,UNLV,MWC,29,19-1212–6,111.374,99.674,.782067,51.1149,49.197,16.4134,18.297,30.1130,32.2316,34.0140,31.7150,51.8113,50.1165,33.2212,31.753,35.0243,38.4225,64.9315,-2.683
68,SMU,Amer,31,20-1211–7,111.081,99.570,.779168,50.8161,46.723,16.6153,18.962,38.55,31.3294,28.3303,33.1192,50.5165,46.126,34.3153,31.857,35.7222,36.8165,67.4179,-4.3101
69,"James Madison",SB,33,31-315–3,111.964,100.488,.777869,54.434,46.723,14.742,19.839,32.081,27.6111,34.2136,35.1247,54.241,48.8103,36.533,28.62,38.1158,35.191,69.862,+1.534
70,"Grand Canyon",WAC,32,29-417–3,111.179,99.876,.773370,52.0100,45.910,17.8224,19.938,34.629,29.6208,45.35,34.8236,52.396,44.410,34.4151,32.696,36.1210,33.656,68.0139,+1.339
71,San Francisco,WCC,32,23-1011–5,109.698,98.649,.772571,55.220,49.5116,16.8166,19.839,29.3158,24.215,23.7356,38.5301,57.111,48.595,34.9122,34.2203,40.3100,37.5194,67.0208,-2.479
72,USC,P12,33,15-188–12,110.091,99.061,.769572,51.7121,50.2165,17.9234,18.867,29.0168,32.2316,33.6152,31.6146,50.7163,47.453,35.590,36.5325,36.7197,38.8243,68.1133,-5.0114
73,Penn St.,B10,33,16-179–11,110.289,99.265,.768573,50.3195,50.2165,15.782,20.724,26.8258,32.2316,35.3109,36.3275,50.5165,52.5282,33.4203,30.316,39.2126,32.842,69.859,-4.6107
74,Minnesota,B10,32,18-149–11,114.048,102.8132,.764974,54.337,50.1157,17.6214,15.9256,30.8107,29.1182,35.6102,29.9107,54.732,48.384,35.870,36.3324,39.5120,29.710,66.6237,-2.581
75,"Duquesne",A10,34,24-1110–8,106.3155,96.126,.760975,50.1206,48.052,17.5205,19.547,29.9137,30.0221,33.1164,35.3251,49.6212,48.488,33.9179,31.753,39.7115,37.3190,66.3253,-1.876
76,Mississippi,SEC,32,20-127–11,113.750,102.9133,.759676,51.2146,50.2165,15.782,18.1104,30.1130,36.2359,35.1116,32.3169,49.2227,50.0155,36.631,33.8165,35.1237,37.0177,66.8227,-0.3961
77,Georgia,SEC,33,17-166–12,109.697,99.366,.758677,49.8219,49.8135,16.1108,16.3225,27.5226,30.8267,38.445,30.2115,49.3222,49.7147,33.6194,33.2132,40.794,37.9209,68.4121,-3.794
78,Richmond,A10,32,23-915–3,106.8145,96.829,.756878,53.068,46.723,12.82,17.2154,17.0362,26.673,28.1306,26.531,52.0106,46.635,36.533,31.338,35.3229,40.9293,66.8222,-0.765
79,Syracuse,ACC,31,20-1211–9,111.276,100.893,.756379,51.3142,52.8297,15.996,20.133,24.1315,31.8306,34.1139,26.632,51.9109,53.2305,33.4203,34.7239,33.7273,37.0177,70.736,-0.2659
80,Indiana,B10,33,19-1410–10,109.896,99.572,.755080,52.192,49.087,17.5205,14.9307,26.9256,29.7213,37.760,31.6146,53.456,47.453,32.4252,34.3211,27.8351,41.2305,68.4115,+0.0557
81,"McNeese St.",Slnd,29,30-317–1,111.375,101.196,.751881,54.927,47.849,14.221,23.06,32.177,30.4239,40.618,33.9217,52.878,46.329,39.44,33.0120,33.6274,48.1362,65.3298,+0.750
82,LSU,SEC,32,17-159–9,110.488,100.385,.750982,52.289,49.5116,18.6284,18.394,30.7109,31.2285,38.938,33.5206,51.7118,49.2122,35.3102,33.2132,37.6174,41.4308,69.763,-3.187
83,VCU   vs. 75 Duquesne (lost),A10,35,22-1311–7,107.9123,98.343,.745483,52.289,46.621,18.3269,16.7191,28.3197,26.989,35.7100,34.8236,51.2142,46.329,35.775,31.442,43.837,38.5230,65.2305,-3.896
84,Loyola Chicago,A10,31,23-915–3,104.8183,95.522,.744984,51.8114,46.212,18.6284,17.8124,27.1244,25.131,33.6152,36.2272,51.1149,43.43,35.2109,34.2203,40.596,36.1126,68.6107,-1.573
85,"Yale",Ivy,29,22-911–3,109.895,100.179,.744185,52.385,49.7130,14.118,16.0249,28.4193,24.013,26.9332,29.084,52.594,48.8103,34.6142,34.0183,35.3229,41.4308,64.6324,-2.582
86,Boston College,ACC,34,19-158–12,111.866,102.0116,.742586,52.772,50.4175,15.571,16.0249,27.3235,26.778,25.5345,28.475,51.8113,49.5137,36.153,34.6233,38.5144,37.8206,67.1198,-3.693
87,Florida St.,ACC,33,17-1610–10,110.190,100.691,.737587,50.3195,52.2271,16.4134,20.724,28.5186,32.8328,36.877,41.0331,51.5128,51.6232,31.7288,35.4278,31.6307,38.2214,70.933,-3.591
88,UCLA,P12,32,16-1710–10,107.6136,98.548,.734188,46.6325,50.1157,16.5144,18.1104,29.9137,28.3141,35.898,35.8260,45.2341,49.7147,33.3210,33.7160,30.1328,42.2323,63.1351,-5.2115
89,"Samford",SC,32,29-515–3,111.767,102.4126,.731589,56.97,50.0150,18.1249,21.717,30.2124,32.0313,36.485,37.0283,55.521,49.5137,39.38,33.9172,40.987,40.1282,72.612,+0.0756
90,UC Irvine,BW,32,24-917–3,108.2120,99.263,.731490,52.0100,45.910,17.0179,17.5138,31.399,27.7114,34.6130,35.5254,51.9109,44.28,34.9122,33.3138,27.8351,30.416,68.4118,-2.684
91,Princeton,Ivy,26,24-412–2,114.541,104.9172,.731291,54.631,51.4234,12.01,16.7191,24.2312,24.827,29.2281,24.716,56.314,52.9295,35.3102,32.7105,50.34,39.3250,64.8318,+1.244
92,South Florida,Amer,31,24-716–2,109.4102,100.489,.728392,51.8114,47.642,15.470,18.674,28.2203,30.5246,37.760,34.8236,49.5215,48.278,36.631,31.132,42.452,37.6200,67.9149,-0.764
93,Miami FL,ACC,32,15-176–14,109.993,101.095,.724593,52.772,51.0207,17.2190,16.6198,28.7177,28.5147,24.6352,22.34,51.6124,52.0250,36.153,33.3138,40.499,46.1358,68.7104,-5.3117
94,Louisiana Tech,CUSA,29,22-1012–4,107.7133,99.062,.724094,50.6177,45.68,18.8293,17.6131,33.838,28.0128,42.013,32.0160,49.0237,43.02,35.775,33.5150,34.6255,36.4138,65.6283,-4.3102
95,Memphis,Amer,32,22-1011–7,111.570,102.6128,.723195,52.870,50.0150,18.0242,19.156,33.446,33.6338,36.386,29.6101,52.977,49.3127,35.0120,34.0183,38.9130,42.7334,71.618,-1.169
96,Massachusetts,A10,31,20-1111–7,110.982,102.1122,.721196,50.6177,48.572,16.0102,18.962,36.514,30.1227,35.898,38.6302,52.685,47.559,31.3301,33.5150,35.1237,38.4225,68.3129,-4.6106
97,Saint Joseph's,A10,34,21-139–9,110.685,102.0118,.717397,53.068,49.087,16.4134,17.6131,29.3158,29.1182,29.5271,29.084,52.782,48.595,35.684,33.1128,47.513,42.4328,68.3125,-4.4103
98,George Mason,A10,31,20-129–9,108.7108,100.386,.716398,52.0100,48.052,18.1249,16.4214,31.790,27.4106,36.781,31.8153,52.396,45.011,34.3153,34.8243,37.5177,41.6311,63.8342,-4.6105
99,Appalachian St.,SB,31,27-616–2,106.0162,98.446,.701999,52.772,45.13,15.366,14.6315,29.7145,27.8117,32.3194,19.82,53.845,43.76,33.6194,32.172,31.1314,32.740,66.7230,-1.067
100,"College of Charleston",CAA,33,27-715–3,113.353,105.2178,.7015100,52.482,50.6188,14.327,16.4214,33.545,26.673,26.9332,28.369,52.685,50.5179,34.8129,33.8165,47.116,36.9171,70.053,-1.675
101,Rutgers,B10,32,15-177–13,98.0298,91.44,.6926101,43.5357,47.230,16.6153,21.717,30.2124,31.3294,32.9173,34.3224,43.7354,46.023,28.7348,32.7105,31.7306,39.4254,67.8151,-3.590
102,Stanford,P12,32,14-188–12,109.994,102.4127,.6908102,54.337,51.9256,17.8224,15.5280,23.2332,27.3103,28.6294,25.319,53.652,50.9203,36.924,35.7292,41.180,37.6200,69.569,-7.0141
103,St. Bonaventure,A10,33,20-139–9,111.080,103.7145,.6877103,52.385,51.1210,16.2113,19.253,29.7145,28.5147,32.2196,33.9217,50.8155,51.8240,36.533,33.5150,36.7197,40.7288,65.4295,-4.8110
104,Belmont,MVC,32,20-1312–8,109.0106,102.1121,.6813104,55.024,51.1210,16.7159,16.4214,21.0354,27.5108,30.3253,27.039,54.536,52.2260,37.221,33.0120,41.965,39.8271,71.128,-5.2116
105,Oklahoma St.,B12,32,12-204–14,108.8107,101.8110,.6811105,51.3142,51.3221,18.8293,16.8186,27.5226,28.5147,34.0140,27.654,52.299,51.5227,33.4203,34.0183,43.244,32.944,67.1206,-7.5151
106,Charlotte,Amer,30,19-1213–5,108.6112,101.8107,.6786106,50.8161,48.572,15.571,15.2295,26.1273,29.0175,35.2111,31.5141,53.269,49.5137,31.3301,31.132,38.2154,36.6148,62.4356,-5.0112
107,Arkansas,SEC,33,16-176–12,109.5100,102.7130,.6775107,50.5186,50.4175,16.3122,15.1299,25.2292,29.8217,45.35,39.0307,51.8113,50.1165,31.8279,33.9172,32.9290,34.169,70.637,-4.8111
108,Northern Iowa,MVC,32,19-1412–8,108.6111,102.3124,.6672108,51.6126,52.2271,15.263,16.5207,23.9320,22.53,37.467,30.5121,51.9109,52.0250,34.1165,35.0253,36.8191,41.1300,66.5243,-5.0113
109,"UAB",Amer,33,23-1112–6,112.759,106.3197,.6631109,50.1206,51.0207,16.7159,16.1241,35.322,31.0274,40.520,31.4140,50.4170,50.2170,33.1220,35.0253,31.3310,36.7154,67.7157,-2.785
110,"Vermont",AE,32,28-615–1,104.5191,98.752,.6595110,51.8114,46.723,13.811,15.1299,22.4345,23.38,29.7268,25.925,53.172,46.431,33.5198,31.548,44.135,36.5144,63.3350,-1.271
111,Cornell,Ivy,27,22-711–3,111.472,105.2179,.6578111,56.510,51.3221,17.2190,18.584,27.2241,31.0274,28.8291,32.6176,61.72,52.4277,33.9179,33.2132,48.68,42.1320,71.522,-1.574
112,Hofstra,CAA,32,20-1312–6,107.9124,102.0117,.6562112,55.417,49.087,15.782,17.7128,22.9338,29.7213,22.3360,29.084,55.521,46.945,36.825,34.6233,46.120,42.4328,65.6285,-6.4133
113,Western Carolina,SC,29,22-1011–7,107.7132,101.9113,.6539113,51.7121,47.230,14.742,13.3347,29.1163,24.215,27.7314,32.4171,49.8203,45.517,36.825,33.9172,35.5226,31.833,66.8221,-5.3119
114,Michigan,B10,32,8-243–17,110.092,104.4153,.6464114,51.1149,52.5285,18.6284,13.7341,30.7109,30.4239,32.0202,30.5121,49.5215,51.7236,35.965,36.1317,38.0162,32.638,67.4180,-9.2184
115,California,P12,32,13-199–11,107.8128,102.7131,.6375115,49.2247,51.3221,16.2113,14.7314,28.6180,26.778,29.2281,33.1192,48.0273,50.0155,33.8182,35.7292,42.062,36.2131,68.4122,-7.5149
116,Southern Illinois,MVC,31,19-1311–9,108.5113,103.4141,.6364116,52.578,50.1157,16.8166,16.2232,26.1273,25.650,35.995,36.5278,53.456,52.1256,34.3153,30.417,43.837,30.518,64.2336,-6.3129
117,UT Arlington,WAC,32,20-1413–7,108.2119,103.1135,.6359117,52.192,49.087,21.5354,18.674,32.864,29.4197,39.035,42.0338,51.3137,47.453,35.496,34.6233,42.847,35.5109,70.835,-6.4132
118,Santa Clara,WCC,32,20-1310–6,108.4116,103.3140,.6340118,52.385,48.470,18.2263,14.4322,34.132,26.159,31.6218,33.3199,52.685,48.9107,34.5146,31.753,38.5144,37.0177,69.087,-3.895
119,Davidson,A10,30,15-175–13,104.7186,99.977,.6327119,48.9255,49.4114,16.3122,17.2154,26.1273,27.8117,33.5156,32.8188,50.8155,49.5137,30.7323,32.8112,40.0105,42.0316,65.4291,-8.7174
120,Troy,SB,29,20-1213–5,106.7148,101.8109,.6308120,50.1206,49.8135,19.6323,20.822,34.828,30.7260,41.314,39.8322,48.2267,47.764,35.3102,35.9310,40.0105,33.757,69.667,-7.3146
121,UNC Wilmington,CAA,28,21-1012–6,112.562,107.9231,.6178121,51.1149,51.7250,12.82,17.1161,29.9137,30.6254,32.9173,33.1192,52.1103,50.8198,33.0223,35.5283,39.7115,36.7154,65.1308,-4.7108
122,High Point,BSth,31,25-813–3,114.145,109.5264,.6161122,52.385,50.2165,16.2113,14.1333,37.111,25.541,44.47,38.2296,53.652,49.6145,33.7188,34.4224,39.9109,31.326,68.5113,-4.299
123,Georgia Tech,ACC,32,14-187–13,108.0122,103.9147,.6094123,48.7260,49.2102,17.7217,12.8356,31.694,28.5147,29.2281,31.6146,48.6253,49.5137,32.6245,32.696,40.596,39.4254,67.4178,-5.7122
124,UC San Diego,BW,30,21-1115–5,110.884,106.6204,.6090124,52.192,50.3169,14.327,17.0166,27.5226,27.9122,32.5188,29.492,52.396,50.2170,34.5146,33.7160,41.965,35.191,65.3300,-6.2128
125,West Virginia,B12,32,9-234–14,108.7110,104.6160,.6085125,49.6233,52.1268,18.3269,15.0305,26.6260,30.4239,37.173,28.166,47.8280,51.9244,34.9122,34.9248,37.4181,43.0338,68.3123,-9.5193
126,Arizona St.,P12,32,14-188–12,103.1216,99.367,.6077126,47.3295,51.7250,14.845,19.450,21.8351,29.7213,33.1164,31.2137,48.6253,52.2260,30.1328,34.0183,37.7169,39.2249,69.089,-5.7121
127,Notre Dame,ACC,33,13-207–13,101.9237,98.141,.6057127,47.6288,48.262,19.1310,15.2295,28.4193,26.778,27.9311,27.446,47.5287,47.867,31.8279,32.590,43.343,36.8165,64.2335,-7.8154
128,Drexel,CAA,31,20-1213–5,107.1142,103.2139,.6030128,50.6177,47.849,16.5144,13.1352,33.642,24.518,30.0257,26.734,50.3174,48.278,34.1165,31.442,33.2286,35.4106,64.5330,-6.6134
129,Seattle,WAC,32,19-1411–9,103.7208,100.180,.6021129,50.7170,46.416,18.5279,17.3145,29.4152,26.159,34.2136,37.2287,50.1186,47.453,34.3153,29.77,38.1158,33.757,66.7228,-8.4169
130,Sam Houston St.,CUSA,31,21-1213–3,105.5173,102.0115,.5961130,48.6264,49.8135,18.8293,19.058,32.081,27.092,34.7127,37.0283,46.5317,50.5179,35.1114,32.590,35.0243,39.3250,67.7163,-5.7123
131,"Akron",MAC,32,24-1013–5,105.0176,101.5103,.5958131,52.0100,48.677,17.2190,16.6198,29.5149,25.650,33.6152,29.084,54.830,50.7193,32.0274,30.013,41.571,36.8165,65.7276,-4.5104
132,"Western Kentucky",CUSA,30,22-118–8,105.2175,101.8108,.5934132,51.9107,48.367,18.3269,18.674,28.5186,26.778,32.9173,33.4203,52.1103,48.384,34.4151,32.278,31.0316,40.1282,75.11,-6.6135
133,"Morehead St.",OVC,30,26-814–4,106.7149,103.4142,.5891133,54.434,45.79,18.5279,15.5280,32.081,26.468,31.3227,32.7183,55.620,45.416,35.3102,31.132,45.124,31.223,64.3333,-3.488
134,Wichita St.,Amer,33,15-195–13,104.7188,101.5101,.5881134,49.8219,48.572,17.8224,14.8311,31.886,28.7163,26.4339,28.369,49.9195,48.176,33.0223,32.7105,31.5308,37.8206,68.1138,-11.1227
135,Missouri,SEC,32,8-240–18,108.0121,104.8166,.5865135,50.2200,51.4234,16.8166,18.771,26.8258,35.8358,31.7213,42.5340,51.8113,51.2218,31.9277,34.4224,39.7115,39.8271,66.6234,-11.3231
136,Arkansas St.,SB,34,18-1611–7,112.857,109.5261,.5854136,51.7121,50.4175,16.2113,14.1333,33.935,28.7163,32.7181,35.7256,51.3137,49.4133,34.9122,35.4278,43.541,27.13,68.0142,-8.8176
137,"Oakland",Horz,34,23-1115–5,107.8130,104.6163,.5851137,52.192,50.6188,16.2113,16.3225,30.6115,28.6155,30.9237,26.837,51.8113,50.5179,35.1114,33.9172,40.890,40.7288,66.8223,-4.2100
138,"South Dakota St.",Sum,31,22-1212–4,107.6137,104.5154,.5834138,55.318,50.8195,16.4134,16.5207,24.4302,25.334,30.4248,27.446,55.918,49.0111,36.248,35.2265,40.2103,47.1361,67.9146,-7.4148
139,Youngstown St.,Horz,28,22-1014–6,106.6150,104.2150,.5670139,50.4190,49.087,15.571,16.5207,33.935,28.7163,29.3277,30.7126,52.299,47.969,31.9277,34.0183,42.254,35.7114,68.895,-6.0127
140,Louisiana Lafayette,SB,31,19-1410–8,104.9179,102.6128,.5652140,50.7170,49.9143,16.8166,20.627,30.8107,32.9330,28.6294,40.1323,51.7118,53.7315,32.6245,27.91,36.2208,32.135,68.5112,-8.5171
141,UNC Greensboro,SC,30,21-1112–6,108.7109,106.4198,.5635141,53.261,49.5116,16.3122,17.7128,29.3158,30.5246,27.3324,35.8260,49.2227,48.073,38.99,34.3211,44.036,44.2347,64.7321,-5.6120
142,Towson,CAA,33,20-1411–7,102.3225,100.384,.5570142,47.3295,48.367,19.2314,16.9176,39.82,27.299,34.7127,31.7150,46.4319,47.453,32.8234,33.3138,34.1265,36.9171,62.1357,-7.3145
143,St. Thomas,Sum,30,20-139–7,106.8147,104.7164,.5560143,54.434,52.0259,14.845,18.584,24.0317,25.541,29.4274,29.084,55.026,52.8291,35.775,33.8165,46.021,39.6261,62.9354,-9.1181
144,Toledo,MAC,32,20-1214–4,111.473,109.3255,.5533144,53.356,54.5345,15.159,18.584,29.0168,28.5147,35.4106,26.330,52.0106,56.4359,37.713,34.2203,28.6345,37.2184,69.277,-6.3130
145,Ohio,MAC,32,20-1313–5,107.7134,105.8187,.5517145,52.289,49.2102,14.118,19.253,28.0210,31.9309,32.1199,34.7233,51.9109,48.488,35.1114,33.8165,41.472,37.1180,67.3190,-9.1182
146,Tarleton St.,WAC,29,23-916–4,107.5138,105.6185,.5505146,49.7228,50.5183,16.9173,20.133,30.4121,33.7340,30.6243,35.8260,49.5215,50.5179,33.4203,33.6155,29.7334,36.4138,66.3254,-3.086
147,Missouri St.,MVC,33,17-168–12,103.8207,101.9114,.5502147,49.7228,48.052,17.3196,13.1352,29.1163,24.723,31.5220,24.917,51.2142,47.048,31.4298,33.0120,36.8191,38.8243,67.8155,-7.9158
148,Tulane,Amer,30,14-175–13,109.1105,107.2218,.5484148,54.140,51.1210,15.159,17.3145,20.5358,32.7325,45.54,32.7183,54.536,50.2170,35.590,34.9248,35.7222,42.0316,72.88,-9.4191
149,Liberty,CUSA,29,18-147–9,107.9127,106.1194,.5475149,54.337,50.8195,16.2113,17.0166,24.5301,25.541,26.7335,30.3117,55.026,51.9244,35.775,32.383,46.818,32.638,64.4332,-8.2167
150,Wright St.,Horz,30,18-1413–7,115.235,113.5340,.5432150,58.52,55.3354,16.5144,16.3225,28.9171,28.1133,33.6152,30.0111,58.84,55.0344,38.410,37.1343,29.3339,37.7204,71.424,-9.3188
151,Oregon St.,P12,31,13-195–15,106.1159,104.5156,.5421151,49.8219,51.3221,18.3269,16.8186,26.2271,31.1282,35.6102,35.9264,49.9195,52.3268,33.1220,33.2132,34.0270,37.9209,65.1309,-7.7153
152,Murray St.,MVC,31,12-209–11,107.0143,105.5183,.5408152,50.0212,54.5345,14.432,17.9117,26.5263,25.541,29.6269,27.757,51.3137,53.8319,31.6291,37.0339,35.3229,42.8335,64.4331,-12.3256
153,Wyoming,MWC,30,15-178–10,107.8129,106.4201,.5370153,50.9157,52.8297,18.5279,15.9256,28.6180,29.1182,38.055,27.859,49.0237,53.7315,36.153,34.4224,37.0188,40.0278,67.1201,-7.3147
154,Chattanooga,SC,31,21-1212–6,109.599,108.3238,.5330154,54.829,49.9143,17.1182,14.5317,27.2241,28.8169,30.9237,27.343,56.115,47.969,35.775,35.1262,50.53,42.0316,66.8226,-6.9138
155,Furman,SC,30,17-1610–8,108.5114,107.3219,.5325155,52.192,52.9304,15.996,16.2232,29.4152,26.673,31.0234,28.577,54.340,53.9322,33.2212,34.1199,48.29,35.089,68.897,-10.2209
156,Montana,BSky,31,23-1112–6,110.983,109.7268,.5305156,54.631,51.1210,14.638,14.2327,25.2292,25.854,29.5271,35.0244,55.123,50.3176,35.870,35.2265,37.7169,31.021,66.1261,-5.8125
157,Delaware,CAA,32,19-1410–8,104.3194,103.6144,.5185157,51.9107,48.779,16.0102,15.1299,27.5226,27.9122,30.9237,27.140,53.269,49.7147,33.0223,31.338,35.7222,36.4138,67.3185,-9.1180
158,UC Davis,BW,31,20-1314–6,102.0232,101.5102,.5158158,50.2200,49.197,19.3317,20.921,28.6180,30.6254,38.248,38.4299,50.8155,49.1117,32.9228,32.7105,37.4181,33.146,67.1204,-8.3168
159,"Colgate",Pat,33,25-916–2,102.3226,101.8111,.5125159,53.453,47.230,16.3122,16.1241,25.0298,24.518,27.6316,24.513,53.365,48.7100,35.775,29.910,38.3150,39.6261,66.2256,-4.198
160,Quinnipiac,MAAC,32,24-915–5,105.6170,105.2177,.5120160,50.6177,48.882,16.9173,17.6131,31.596,28.3141,30.6243,29.596,49.8203,47.559,34.7138,34.0183,34.1265,36.8165,71.129,-5.3118
161,Stony Brook,CAA,34,20-1510–8,106.0161,105.7186,.5086161,50.3195,50.0150,15.159,15.2295,26.6260,29.3192,29.2281,27.446,48.6253,48.488,35.590,34.8243,36.8191,42.3326,67.3183,-7.8156
162,Weber St.,BSky,29,20-1211–7,107.2140,106.9216,.5078162,53.165,54.4341,14.845,18.493,23.8322,23.711,35.2111,29.390,53.943,55.2349,34.5146,35.4278,38.7137,36.7154,65.4297,-7.1142
163,UTEP,CUSA,31,18-167–9,97.9301,97.633,.5078163,48.1276,51.5239,21.2346,25.91,29.0168,31.0274,42.88,46.3354,48.8243,53.2305,31.0318,32.172,31.3310,33.962,69.568,-10.6216
164,Eastern Washington,BSky,30,21-1115–3,110.586,110.3279,.5032164,57.25,52.8297,19.0304,16.3225,26.4267,27.195,39.630,33.5206,58.75,51.0208,36.825,36.9336,42.062,41.8315,70.443,-4.7109
165,Winthrop,BSth,29,17-158–8,106.0163,106.0190,.5012165,51.9107,49.5116,18.7291,18.297,30.4121,32.9330,50.01,34.3224,52.878,50.6184,33.7188,32.068,39.4121,41.1300,66.9216,-9.4190
166,East Carolina,Amer,32,15-187–11,104.6189,104.9170,.4926166,47.6288,51.3221,16.3122,18.771,32.768,31.0274,34.0140,32.7183,48.1271,52.5282,31.2308,33.1128,36.5202,43.3342,64.8317,-10.8219
167,UMass Lowell,AE,29,22-1011–5,104.9181,105.4180,.4867167,50.4190,47.334,18.2263,15.5280,32.177,26.989,40.125,26.938,51.3137,49.1117,32.3256,29.24,29.2341,33.757,69.766,-6.0126
168,UNC Asheville,BSth,31,22-1212–4,106.1160,106.6205,.4855168,52.192,50.1157,17.1182,16.9176,27.3235,31.4298,40.816,34.3224,50.5165,50.6184,36.442,32.9118,37.3184,35.8119,68.1134,-6.7136
169,Bryant,AE,31,20-1311–5,100.0267,100.690,.4819169,50.7170,45.46,15.891,16.7191,20.4359,30.2229,29.9260,33.8215,51.7118,45.011,32.7240,30.826,37.7169,35.191,74.13,-7.2143
170,"Longwood",BSth,31,21-136–10,104.0202,104.8167,.4761170,49.4238,51.3221,18.0242,19.645,36.713,25.541,39.532,36.1271,48.6253,50.9203,34.2158,34.6233,28.3346,39.5256,66.8220,-8.6172
171,Kent St.,MAC,32,17-178–10,104.9180,105.8188,.4754171,50.7170,51.3221,17.2190,18.584,31.0105,28.7163,31.9207,34.9241,48.5259,52.6286,36.061,33.0120,39.2126,39.7267,66.6239,-11.5235
172,Texas A&M Corpus Chris,Slnd,28,21-1114–4,100.0266,100.994,.4745172,46.8316,47.642,17.8224,19.839,33.642,25.131,35.995,47.9359,47.4289,48.278,30.4325,31.031,29.4338,36.0124,68.7103,-6.4131
173,Little Rock,OVC,33,21-1214–4,105.7168,106.7210,.4723173,52.578,48.052,17.3196,17.9117,32.177,30.3233,33.5156,35.2249,53.172,48.073,34.1165,32.068,30.9318,37.8206,68.896,-9.6197
174,Hawaii,BW,32,20-1411–9,104.0201,105.0175,.4721174,52.677,48.572,18.6284,15.7273,25.8285,25.334,39.035,33.6211,53.845,49.3127,34.0174,30.826,42.452,25.41,65.9267,-9.2186
175,La Salle,A10,32,16-176–12,105.6171,106.6207,.4719175,49.2247,50.7193,14.221,15.4287,27.0248,30.8267,24.8351,33.3199,47.6285,49.3127,34.5146,35.8302,39.8112,32.842,66.6232,-9.6198
176,Saint Louis,A10,32,13-205–13,111.178,112.3326,.4713176,51.5130,54.3340,16.8166,14.2327,26.1273,28.5147,36.386,35.3251,49.6212,53.9322,36.442,36.6328,37.8166,42.4328,69.474,-10.9220
177,Fort Wayne,Horz,31,21-1211–9,103.1217,104.1149,.4702177,53.846,51.5239,14.534,22.012,22.8341,30.0221,31.0234,32.6176,53.456,52.8291,36.346,32.8112,42.847,36.5144,70.638,-7.9157
178,Georgetown,BE,32,9-232–18,109.4103,110.6286,.4666178,48.6264,55.7358,17.9234,16.4214,33.446,30.7260,33.9145,33.6211,46.3320,57.4360,34.6142,35.3273,41.083,38.2214,66.6240,-10.4213
179,Brown   vs. 85 Yale (lost),Ivy,30,13-188–6,104.1198,105.4181,.4654179,49.7228,51.2217,18.3269,16.8186,31.985,27.3103,33.0168,32.1163,49.2227,52.2260,33.7188,33.1128,40.794,38.2214,67.2196,-11.7243
180,Illinois Chicago,MVC,32,12-214–16,100.4261,101.8105,.4616180,50.6177,48.985,17.7217,17.4140,22.9338,28.4145,26.0340,35.9264,48.4260,49.2122,36.061,32.278,40.890,35.089,68.1135,-13.3279
181,Utah Valley,WAC,30,16-1611–9,98.1295,99.571,.4579181,47.1303,48.052,18.1249,18.1104,28.5186,27.299,35.4106,36.0269,48.9239,47.661,28.5350,32.696,28.9343,34.682,67.6165,-9.8200
182,Loyola Marymount,WCC,30,12-195–11,107.9126,109.5262,.4575182,51.6126,50.4175,16.3122,12.4359,29.4152,27.195,28.8291,28.369,49.2227,49.8150,36.825,34.3211,39.9109,31.731,64.8319,-11.8245
183,Fordham,A10,33,13-206–12,100.5259,102.1120,.4560183,46.7321,50.4175,18.2263,19.743,32.571,27.4106,35.1116,45.2352,46.2322,48.9107,31.5296,35.9310,42.156,31.021,68.899,-12.4261
184,East Tennessee St.,SC,33,19-168–10,101.7239,103.6143,.4480184,46.9311,50.9198,18.1249,18.867,35.123,29.4197,33.9145,36.7281,47.1297,51.2218,31.2308,33.7160,40.987,38.5230,66.9214,-9.7199
185,Rice,Amer,31,11-215–13,107.0144,109.1250,.4457185,50.5186,52.6288,17.3196,14.8311,28.5186,29.5204,29.9260,27.446,50.9154,50.0155,33.2212,37.9353,39.4121,38.3220,65.8271,-12.9271
186,Fairfield,MAAC,33,22-1214–6,107.3139,109.4257,.4445186,51.8114,52.3278,15.571,20.429,28.6180,30.7260,28.6294,26.228,49.9195,53.0299,36.442,34.0183,41.472,37.1180,68.3124,-8.0161
187,Temple   vs. 109 UAB (lost),Amer,35,16-205–13,101.9236,103.9148,.4441187,46.0332,50.4175,14.118,17.0166,28.2203,29.7213,32.1199,36.0269,44.9345,51.3222,31.7288,32.696,42.156,38.6238,66.8225,-11.7240
188,Vanderbilt,SEC,32,9-234–14,104.1200,106.1195,.4440188,45.4344,53.0308,15.366,15.9256,28.2203,29.3192,35.2111,29.596,47.4289,51.0208,28.3354,37.4349,39.3124,39.6261,65.6282,-10.5214
189,Pepperdine,WCC,31,13-205–11,106.0164,108.3240,.4372189,50.8161,54.7351,16.4134,16.9176,28.5186,25.956,32.6184,33.9217,49.5215,53.4311,35.684,38.4358,32.4297,31.630,67.5174,-12.1254
190,Stephen F. Austin,WAC,31,18-1510–10,100.0265,102.3125,.4349190,49.4238,49.6126,21.9357,22.97,33.351,30.4239,42.211,47.4358,49.2227,46.023,33.2212,37.1343,32.1300,36.6148,69.375,-9.6196
191,"Long Beach St.",BW,33,21-1410–10,105.4174,108.0233,.4313191,48.9255,51.2217,17.1182,18.584,33.351,29.6208,38.152,32.6176,49.7208,50.0155,31.3301,35.1262,28.3346,43.6345,71.423,-8.1163
192,Gardner Webb,BSth,30,17-1611–5,102.1230,104.6158,.4309192,49.1249,50.3169,16.1108,16.0249,27.9212,26.778,35.995,39.4315,47.4289,50.0155,34.8129,34.0183,35.3229,33.962,69.473,-10.1208
193,UMKC,Sum,29,16-1610–6,100.6258,103.1136,.4299193,49.4238,51.1210,17.9234,17.3145,31.399,25.334,29.3277,45.1351,48.9239,52.7287,33.4203,32.485,43.442,37.5194,66.4246,-11.0224
194,Louisville,ACC,32,8-243–17,104.2196,106.9215,.4270194,48.4267,54.6350,18.1249,16.2232,28.1208,27.5108,38.841,33.8215,49.4220,53.8319,30.6324,37.2347,31.2313,39.1248,69.570,-12.5266
195,Illinois St.,MVC,31,15-179–11,101.8238,104.5155,.4246195,47.7284,50.9198,17.1182,16.4214,28.9171,26.058,36.191,27.242,50.4170,52.3268,28.8347,32.590,37.5177,39.6261,63.7344,-10.0207
196,Rhode Island,A10,31,12-206–12,106.2157,109.1251,.4228196,51.5130,52.6288,18.5279,13.1352,29.1163,28.2138,39.433,30.0111,51.1149,52.0250,34.9122,35.7292,33.4281,39.5256,68.6106,-12.0250
197,Monmouth,CAA,33,18-1510–8,104.7185,107.7222,.4205197,49.4238,50.0150,15.366,17.8124,30.5118,32.2316,29.2281,33.3199,47.8280,49.3127,34.8129,34.0183,36.3204,43.2341,67.7158,-8.5170
198,Eastern Kentucky,ASun,28,17-1412–4,106.8146,109.8271,.4204198,50.6177,49.8135,16.1108,13.9339,33.156,31.0274,32.0202,29.596,48.8243,45.618,36.153,38.7359,33.6274,33.453,68.4116,-9.4189
199,Penn,Ivy,27,11-183–11,108.4117,111.5309,.4198199,51.9107,54.0333,16.7159,14.0336,29.1163,26.673,27.0329,26.734,51.2142,53.9322,35.3102,36.1317,43.145,43.7346,65.5288,-11.2228
200,Texas St.,SB,33,17-187–11,98.9285,101.8106,.4194200,47.1303,49.7130,19.9327,18.674,31.2102,29.4197,37.858,38.3297,47.1297,50.6184,31.4298,32.172,24.3361,35.4106,66.3249,-10.3210
201,"Montana St.",BSky,31,17-179–9,102.9220,105.9189,.4189201,53.944,52.3278,16.8166,18.674,20.7356,28.6155,30.7242,37.0283,53.456,54.1328,36.442,32.696,41.472,35.4106,68.5111,-12.6268
202,Northern Kentucky,Horz,31,18-1512–8,101.6242,104.5157,.4184202,50.6177,51.3221,17.3196,20.133,29.4152,32.6322,35.1116,28.883,52.299,54.5337,31.6291,31.236,33.5278,41.6311,67.9145,-9.5194
203,Columbia,Ivy,24,13-144–10,106.4152,109.6267,.4159203,52.578,52.8297,17.8224,17.0166,27.9212,28.6155,29.3277,28.577,50.2177,54.1328,37.420,33.9172,38.5144,42.2323,68.5110,-9.9202
204,George Washington,A10,31,15-174–14,106.1158,109.4259,.4133204,51.5130,49.8135,17.1182,13.9339,25.9280,29.2189,34.2136,22.88,49.9195,48.384,35.870,34.7239,41.670,38.5230,70.051,-10.0206
205,Tulsa,Amer,30,16-157–11,101.4245,104.6162,.4102205,50.3195,49.7130,18.2263,18.1104,24.4302,30.4239,40.618,35.1247,51.7118,50.0155,32.1267,32.7105,41.278,38.7242,70.444,-9.2185
206,Northern Colorado,BSky,30,19-1312–6,107.9125,111.4308,.4076206,55.714,53.1311,15.782,15.5280,24.0317,25.439,28.1306,29.492,56.713,52.7287,36.061,35.8302,35.8220,40.0278,69.955,-9.0177
207,Cleveland St.,Horz,33,20-1411–9,106.3154,109.9272,.4063207,49.9217,51.5239,15.054,19.547,34.231,35.2352,31.4226,38.4299,49.7208,55.1346,33.5198,30.520,31.3310,37.9209,67.3184,-8.7173
208,"Saint Peter's",MAAC,31,19-1312–8,96.8314,100.282,.4037208,45.0349,46.621,19.6323,20.331,35.123,29.4197,38.152,42.3339,42.4359,46.431,33.9179,31.548,31.1314,34.578,64.0337,-8.8175
209,Radford,BSth,31,16-175–11,107.1141,111.0297,.4002209,50.8161,50.9198,16.2113,15.8265,30.7109,34.0345,28.0308,31.7150,49.4220,52.4277,35.775,32.485,34.2263,39.7267,63.5345,-11.1226
210,Jacksonville St.,CUSA,29,14-186–10,101.1249,104.9169,.3970210,48.2273,50.5183,20.3337,18.297,33.838,25.334,37.270,34.9241,48.3264,49.4133,32.2261,34.9248,28.3346,36.2131,64.6326,-13.0272
211,Northeastern,CAA,32,12-207–11,105.0178,109.0246,.3946211,51.2146,53.8329,18.9300,17.0166,31.886,27.7114,29.8265,28.369,53.365,52.3268,31.8279,37.5350,36.1210,38.8243,65.7278,-14.1302
212,Harvard,Ivy,26,14-135–9,101.0252,104.9171,.3930212,50.2200,50.1157,17.8224,16.0249,26.5263,31.3294,35.7100,25.823,49.9195,49.5137,33.8182,33.9172,39.4121,40.8291,67.5172,-7.5150
213,Mercer,SC,30,16-178–10,103.4214,107.5221,.3910213,50.1206,51.2217,16.6153,17.9117,30.6115,31.1282,27.6316,38.9305,48.8243,51.2218,35.496,34.2203,30.1328,36.9171,65.9266,-11.5236
214,Abilene Christian,WAC,31,15-1710–10,100.4262,104.3152,.3901214,46.8316,52.1268,17.5205,20.724,26.1273,30.0221,38.742,40.4326,45.3340,53.0299,34.2158,33.3138,25.5359,31.326,68.5114,-11.3229
215,Evansville,MVC,32,16-176–14,101.3246,105.4182,.3879215,50.0212,52.8297,16.4134,16.9176,21.6353,25.541,29.0288,27.961,49.8203,52.0250,33.7188,35.9310,34.8249,43.5344,68.6108,-9.0178
216,Marist,MAAC,31,18-1312–8,96.2323,100.283,.3854216,50.8161,47.128,18.4278,20.429,23.1335,26.883,29.8265,35.0244,49.3222,46.841,35.684,31.857,36.4203,38.3220,64.5329,-10.0204
217,Lipscomb,ASun,30,20-1211–5,109.2104,113.8345,.3835217,56.212,53.5323,14.221,16.1241,23.2332,29.3192,27.5319,22.88,55.719,52.8291,38.112,36.5325,39.8112,36.6148,69.283,-7.2144
218,UC Riverside,BW,32,16-1810–10,103.5213,107.9229,.3829218,46.3330,52.3278,14.327,15.8265,29.8141,25.334,28.6294,34.8236,44.6347,52.0250,32.3256,35.3273,42.254,33.351,66.8219,-11.7244
219,San Jose St.,MWC,31,9-232–16,104.7187,109.2253,.3814219,51.4141,54.4341,15.677,15.9256,22.4345,30.2229,22.4359,35.9264,51.5128,52.3268,34.2158,38.9361,42.062,35.191,65.7275,-13.8290
220,Rider,MAAC,31,15-1712–8,102.3227,106.7209,.3811220,47.7284,49.2102,17.9234,16.0249,31.497,29.0175,31.9207,36.5278,46.6313,47.764,33.7188,34.4224,28.1349,38.2214,67.8152,-11.0223
221,North Dakota,Sum,29,18-1410–6,104.8182,109.4258,.3805221,50.2200,52.4282,15.054,15.3293,30.7109,26.159,32.2196,29.6101,51.5128,52.2260,32.3256,35.2265,41.867,33.962,66.6233,-10.0205
222,South Alabama,SB,29,16-168–10,103.0219,107.5220,.3799222,50.9157,50.7193,16.3122,16.7191,22.8341,31.8306,31.6218,33.9217,50.0190,52.3268,35.1114,31.961,36.1210,36.1126,68.0141,-11.0225
223,Wofford,SC,29,17-1510–8,105.5172,110.2277,.3759223,53.356,51.5239,16.9173,14.1333,29.4152,26.263,27.7314,34.6231,53.456,50.0155,35.590,35.7292,45.323,42.8335,65.5287,-9.0179
224,Merrimack,NEC,31,21-1213–3,95.4330,99.875,.3721224,49.8219,46.212,19.0304,23.25,22.3347,34.6350,34.3132,32.5173,52.299,46.126,31.1315,30.930,43.145,31.223,67.2194,-7.7152
225,Mount St. Mary's,MAAC,32,13-199–11,102.0234,106.8214,.3708225,53.261,49.3108,20.7342,18.0111,30.2124,27.9122,26.7335,30.3117,53.365,48.073,35.2109,34.6233,33.3283,34.884,68.992,-14.8308
226,Cal Baptist,WAC,31,16-178–12,101.2247,106.2196,.3658226,47.0308,49.2102,17.6214,15.3293,32.768,24.928,36.877,30.3117,45.7333,48.488,32.9228,34.3211,36.0215,26.82,63.5347,-12.1252
227,Air Force,MWC,31,9-222–16,106.4153,111.8318,.3611227,53.846,54.2338,18.8293,17.6131,23.8322,31.5302,29.6269,39.1310,53.652,53.7315,36.153,36.6328,47.215,36.7154,61.9359,-13.5286
228,Cal St. Fullerton,BW,30,14-187–13,99.1282,104.2151,.3601228,48.0278,49.9143,18.1249,17.9117,24.3305,29.6208,38.643,35.6255,47.7282,51.3222,32.2261,31.857,36.2208,38.6238,66.3252,-11.6239
229,Georgia St.,SB,29,14-178–10,103.9204,109.3256,.3578229,48.5266,49.3108,13.811,14.2327,27.2241,30.5246,28.6294,35.9264,48.6253,51.2218,32.2261,30.826,35.3229,38.5230,67.9148,-11.6238
230,Iona,MAAC,33,16-1710–10,102.4223,107.7224,.3571230,50.0212,52.8297,14.950,22.210,28.3197,30.8267,28.5299,37.5291,48.2267,54.1328,35.3102,34.0183,38.7137,40.0278,66.9215,-12.5267
231,"Stetson",ASun,31,22-1211–5,108.2118,114.0346,.3560231,53.453,52.0259,15.891,13.5344,27.5226,31.2285,31.7213,25.925,52.594,52.2260,36.533,34.5230,41.867,37.4192,66.0264,-6.8137
232,Fresno St.,MWC,32,12-214–14,102.3224,107.8226,.3548232,51.5130,53.1311,18.8293,15.4287,24.4302,30.4239,30.4248,28.063,52.685,51.8240,33.2212,36.9336,38.5144,37.3190,65.5289,-11.3230
233,Tennessee Martin,OVC,28,21-1114–4,104.8184,110.5282,.3515233,50.5186,49.3108,15.054,13.2349,27.0248,26.367,32.8178,24.614,48.2267,49.4133,36.248,32.8112,38.1158,41.0296,72.79,-6.9140
234,Bowling Green,MAC,31,20-1310–8,101.5244,107.1217,.3510234,48.0278,51.1210,16.2113,16.1241,30.7109,25.541,35.2111,27.446,50.0190,49.0111,29.5339,36.8333,34.8249,34.578,67.5173,-9.4192
235,North Florida,ASun,29,16-169–7,105.6169,111.6312,.3469235,53.651,52.6288,16.3122,14.4322,23.5328,29.9218,28.3303,33.7213,53.365,52.3268,35.965,35.5283,54.71,29.912,67.1205,-11.4234
236,Nicholls St.,Slnd,31,20-1413–5,103.5210,109.5263,.3447236,51.5130,49.8135,19.0304,16.4214,27.6221,32.2316,37.663,39.4315,48.9239,50.7193,36.825,32.172,40.3100,36.3135,66.2258,-7.9159
237,UTSA,Amer,31,11-215–13,106.3156,112.5329,.3425237,48.3271,51.9256,15.571,13.1352,32.081,28.9171,35.0120,34.6231,46.9306,49.8150,33.4203,37.0339,44.529,37.5194,70.541,-14.6306
238,Florida Gulf Coast,ASun,29,14-188–8,102.0233,108.0235,.3410238,52.192,52.8297,17.6214,15.8265,29.6148,28.3141,27.2326,29.390,50.8155,52.0250,36.248,35.9310,37.3184,42.8335,63.8340,-13.2275
239,Lamar,Slnd,31,19-1412–6,102.1231,108.1236,.3409239,50.9157,49.2102,18.0242,19.351,33.156,31.9309,33.2162,39.2312,50.2177,48.8103,34.8129,33.3138,35.3229,39.6261,68.3128,-9.8201
240,UC Santa Barbara,BW,29,16-159–11,104.2197,110.3278,.3400240,53.356,50.6188,19.1310,14.3325,25.2292,26.673,39.728,31.0133,53.456,51.8240,35.496,32.172,30.5321,33.757,67.2193,-10.5215
241,Marshall,SB,32,13-207–11,100.0264,106.1193,.3367241,46.8316,51.4234,16.5144,16.2232,29.8141,27.9122,28.8291,29.9107,47.1297,49.8150,31.0318,36.2320,41.376,35.3100,70.542,-13.9294
242,Austin Peay,ASun,31,19-1510–6,107.7135,114.3349,.3355242,50.7170,53.1311,13.36,16.3225,30.2124,31.4298,31.8211,37.8294,48.9239,54.1328,36.248,34.3211,34.8249,36.4138,64.2334,-10.4212
243,Cal St. Northridge,BW,32,19-159–11,98.7288,104.7164,.3354243,48.9255,48.367,19.0304,18.0111,31.1104,26.989,37.663,39.5318,50.3174,47.251,30.0331,33.1128,26.4356,44.5349,72.611,-10.4211
244,Milwaukee,Horz,33,20-1512–8,105.7166,112.2325,.3351244,51.0154,50.6188,17.9234,15.5280,36.018,32.6322,34.0140,32.8188,52.782,50.2170,32.2261,34.2203,38.8135,38.4225,69.860,-9.9203
245,Portland St.,BSky,29,17-158–10,98.5291,104.6161,.3323245,46.8316,52.0259,16.4134,18.674,29.8141,28.3141,34.3132,34.7233,45.6335,51.1214,32.4252,35.6288,37.6174,38.2214,69.280,-10.9221
246,Cal St. Bakersfield,BW,30,13-198–12,99.7272,106.1192,.3302246,47.0308,50.0150,18.3269,18.674,32.959,31.2285,32.0202,46.7357,46.6313,49.1117,32.1267,34.3211,25.7358,36.7154,64.7323,-13.7287
247,San Diego,WCC,31,18-157–9,100.1263,106.4200,.3296247,49.0251,52.5285,18.3269,18.1104,27.1244,31.8306,32.0202,38.6302,47.4289,53.7315,34.8129,33.9172,34.1265,39.8271,71.130,-7.8155
248,Idaho St.,BSky,32,14-207–11,102.5222,109.0249,.3290248,51.1149,54.5345,16.7159,18.297,30.3123,26.883,33.5156,32.6176,52.685,54.7341,32.2261,36.0316,35.0243,30.013,63.8341,-15.3313
249,Miami OH,MAC,30,15-179–9,98.8286,105.2176,.3276249,51.0154,49.3108,17.2190,18.0111,22.0348,30.7260,30.4248,31.9155,48.7248,50.5179,36.248,31.548,40.3100,36.8165,67.3187,-12.4259
250,Maine,AE,31,15-177–9,95.5328,101.7104,.3250250,47.8282,49.9143,16.7159,19.253,23.0337,27.8117,30.0257,32.1163,49.3222,50.6184,29.7335,32.383,32.2299,33.248,65.5290,-12.0251
251,Albany,AE,31,13-195–11,103.8205,110.8289,.3224251,50.4190,51.4234,17.7217,17.0166,30.6115,29.4197,29.2281,38.9305,51.0152,54.6340,32.9228,29.35,36.9189,29.69,73.06,-13.9293
252,Norfolk St.,MEAC,29,22-1111–3,101.0254,107.8228,.3194252,49.1249,49.8135,18.6284,22.39,31.2102,31.6303,42.88,44.5348,49.1235,48.488,32.7240,34.3211,32.5295,45.3356,66.5244,-6.9139
253,Southern,SWAC,29,18-1412–6,96.5319,103.1136,.3185253,49.4238,50.4175,20.1333,22.111,26.5263,30.8267,35.6102,46.2353,49.9195,51.5227,32.5247,32.278,38.0162,35.6113,67.7164,-8.2166
254,UMBC,AE,31,11-216–10,104.3193,111.5311,.3159254,52.772,50.3169,17.5205,14.9307,25.5288,31.0274,24.1354,28.369,52.685,52.2260,35.3102,31.338,35.1237,36.4138,73.25,-16.8323
255,Southern Miss,SB,30,16-169–9,99.5278,106.5203,.3134255,48.4267,50.5183,18.5279,17.2154,28.9171,30.5246,37.956,33.0191,47.2295,48.9107,33.8182,35.7292,33.6274,34.578,67.7156,-10.9222
256,Southern Utah,WAC,29,10-215–15,103.8206,111.1302,.3128256,48.4267,52.6288,16.9173,17.0166,27.9212,33.0334,36.289,32.2166,50.8155,53.0299,29.4341,34.3211,35.0243,27.24,69.571,-15.3311
257,Queens,ASun,31,14-197–9,103.5211,110.9295,.3123257,49.9217,54.1336,15.782,15.4287,27.6221,29.5204,33.7149,29.492,50.1186,55.8355,33.0223,34.2203,40.890,36.7154,72.710,-13.5285
258,Green Bay,Horz,30,18-1413–7,101.7240,109.0248,.3111258,52.482,49.4114,18.6284,14.0336,27.3235,28.4145,29.4274,34.2222,53.749,51.6232,34.0174,30.215,48.29,35.3100,63.5346,-9.1183
259,Canisius,MAAC,31,14-188–12,99.6274,106.8213,.3110259,49.6233,51.2217,19.1310,16.3225,32.864,28.1133,27.5319,28.063,49.7208,51.0208,32.9228,34.4224,36.1210,31.833,67.0212,-13.2276
260,Ball St.,MAC,29,15-167–11,102.2228,109.6266,.3088260,50.8161,51.3221,18.2263,16.2232,27.3235,27.9122,38.248,27.654,48.7248,50.6184,36.153,35.1262,37.9164,35.296,66.6238,-12.5264
261,North Dakota St.,Sum,29,15-178–8,103.1215,110.8290,.3051261,53.356,53.7327,16.8166,13.2349,24.3305,24.723,30.3253,28.577,51.4134,52.8291,37.713,36.8333,35.9216,34.783,65.6284,-11.9246
262,North Carolina Central,MEAC,27,18-139–5,104.1199,112.0321,.3009262,49.8219,49.087,17.8224,18.1104,31.399,33.7340,40.422,37.1286,49.8203,51.5227,33.2212,29.77,37.9164,36.7154,66.4247,-9.5195
263,North Alabama,ASun,30,15-178–8,103.9203,112.0320,.2979263,49.8219,51.5239,14.638,14.2327,27.0248,27.8117,32.9173,40.9330,47.9277,50.6184,35.684,35.4278,34.6255,34.884,67.7159,-12.0249
264,Western Illinois,OVC,29,21-1213–5,97.1313,104.6159,.2979264,46.5326,46.519,20.1333,14.2327,37.29,28.9171,35.6102,25.118,46.0328,46.841,31.7288,30.417,31.0316,30.720,64.6327,-8.0160
265,Middle Tennessee,CUSA,31,14-197–9,97.9300,105.5184,.2968265,46.0332,49.5116,20.6341,15.8265,28.2203,30.4239,34.9123,29.6101,45.6335,49.0111,31.1315,33.8165,42.156,29.710,65.3301,-13.2274
266,Central Michigan,MAC,31,18-1412–6,95.6326,103.1138,.2952266,46.8316,47.334,17.5205,16.2232,28.6180,30.7260,27.4322,30.6124,47.7282,47.764,30.1328,31.236,35.2235,40.8291,65.3302,-8.1165
267,Nebraska Omaha,Sum,29,15-187–9,102.6221,110.7287,.2940267,49.5236,53.4321,14.534,15.9256,24.7300,26.468,39.728,32.2166,50.5165,53.3308,31.6291,35.7292,33.0289,42.5333,67.3186,-13.3278
268,"Howard",MEAC,32,18-169–5,104.5192,112.9335,.2911268,52.0100,50.9198,21.4352,16.7191,33.446,30.7260,42.211,39.1310,49.2227,50.8198,37.519,34.0183,38.9130,33.248,67.7161,-12.1253
269,Georgia Southern,SB,33,9-248–10,104.3195,112.7331,.2910269,50.8161,52.0259,18.8293,17.3145,28.8175,33.9344,28.9290,43.1341,49.3222,51.4226,35.2109,35.5283,44.628,36.4138,68.894,-17.8333
270,Bucknell,Pat,33,14-1910–8,98.7287,106.7208,.2899270,50.4190,49.5116,18.9300,16.4214,25.9280,28.6155,29.0288,31.5141,50.2177,50.1165,33.8182,32.485,44.926,42.2323,64.8320,-14.5305
271,Lehigh,Pat,30,14-189–9,98.6290,106.7211,.2876271,49.5236,51.7250,16.9173,17.9117,22.0348,23.59,33.0168,29.6101,50.2177,50.7193,32.2261,35.6288,37.6174,37.2184,70.052,-13.4282
272,"Grambling St.",SWAC,31,20-1414–4,97.7306,106.0191,.2805272,48.2273,49.197,20.5339,19.058,28.1208,32.7325,39.630,33.9217,47.0301,48.488,34.1165,33.7160,29.8332,33.453,64.9313,-8.0162
273,Binghamton,AE,28,15-157–9,101.2248,109.9273,.2800273,49.4238,50.0150,18.0242,13.3347,29.1163,25.030,34.3132,34.8236,51.4134,48.488,29.9333,35.0253,30.7319,38.0212,66.5241,-10.6217
274,Portland,WCC,31,12-215–11,103.5212,112.4328,.2796274,50.5186,55.3354,17.1182,13.2349,23.6326,28.8169,31.7213,22.67,49.9195,53.9322,34.1165,38.0355,44.529,45.1355,67.6166,-13.3277
275,New Mexico St.,CUSA,28,13-197–9,99.1283,107.8227,.2748275,46.9311,50.9198,17.7217,15.8265,25.4290,29.6208,32.7181,44.8349,47.0301,50.0155,31.2308,34.7239,34.6255,42.4328,66.2259,-12.5265
276,Utah Tech,WAC,30,11-207–13,99.0284,107.7225,.2743276,50.4190,50.4175,21.8356,18.394,28.2203,31.6303,40.323,43.2343,50.2177,50.1165,33.7188,33.9172,34.7254,36.7154,70.250,-14.0300
277,Oral Roberts,Sum,28,12-195–11,102.2229,111.3305,.2725277,51.1149,51.4234,14.221,14.5317,20.9355,30.6254,26.0340,32.3169,49.1235,50.0155,36.061,35.8302,42.156,38.5230,67.6167,-13.4283
278,New Hampshire,AE,30,16-157–9,97.6308,106.4199,.2721278,47.9280,50.5183,16.6153,16.4214,23.5328,25.541,29.8265,27.552,48.1271,53.5313,31.8279,30.520,43.739,38.4225,71.325,-9.3187
279,Kennesaw St.,ASun,28,15-166–10,103.6209,112.8334,.2718279,51.5130,53.1311,16.0102,17.6131,30.0134,30.5246,35.4106,43.2343,53.074,51.3222,32.9228,37.2347,42.551,39.5256,74.04,-12.5263
280,Central Connecticut,NEC,29,20-1113–3,99.6275,108.5242,.2703280,50.2200,49.6126,16.7159,17.5138,27.6221,26.883,33.0168,26.734,50.8155,48.278,32.8234,34.8243,35.4227,35.296,66.7231,-8.1164
281,USC Upstate,BSth,27,10-205–11,99.2280,108.3237,.2687281,49.6233,52.0259,16.4134,18.674,23.9320,34.3349,29.5271,45.0350,50.2177,53.0299,32.5247,33.5150,39.9109,35.7114,67.0210,-15.2310
282,Denver,Sum,30,17-176–10,105.8165,115.4352,.2685282,51.8114,54.7351,14.016,14.2327,27.3235,27.6111,35.0120,32.0160,51.2142,54.4336,35.1114,36.8333,41.083,35.5109,70.445,-12.2255
283,Presbyterian,BSth,29,14-186–10,101.6241,110.9296,.2674283,51.3142,52.6288,17.1182,17.6131,26.3268,27.8117,37.369,43.1341,52.1103,52.7287,33.1220,34.9248,32.9290,35.7114,67.4177,-14.0299
284,Niagara,MAAC,31,16-1611–9,101.5243,110.8291,.2672284,52.0100,52.2271,17.4203,16.5207,23.4330,26.883,36.094,30.7126,51.2142,52.1256,35.965,35.0253,31.8305,27.66,67.2191,-12.4257
285,Texas Southern,SWAC,31,16-1612–6,97.6307,106.6206,.2670285,46.9311,48.262,18.3269,18.0111,30.2124,30.8267,31.5220,40.4326,47.1297,47.969,31.1315,32.485,38.9130,36.1126,67.5171,-10.6218
286,The Citadel,SC,29,11-213–15,100.7256,110.0274,.2666286,50.6177,53.5323,18.0242,16.1241,27.3235,26.883,33.7149,22.55,51.3137,54.1328,32.8234,35.2265,33.3283,39.9274,65.3299,-15.7315
287,SIU Edwardsville,OVC,30,17-169–9,99.7273,109.7269,.2484287,47.2299,51.1210,15.677,17.4140,30.1130,28.2138,31.9207,37.2287,46.2322,49.2122,32.5247,36.2320,36.8191,37.5194,66.8218,-12.0248
288,DePaul,BE,32,3-290–20,100.6257,110.9294,.2475288,48.1276,56.5361,19.9327,14.5317,22.0348,32.3321,33.5156,28.475,47.0301,56.1357,33.5198,38.1357,34.8249,41.1300,67.7162,-14.8307
289,FIU,CUSA,32,11-225–11,99.9270,110.1275,.2452289,49.7228,55.6356,18.9300,24.14,27.0248,37.3361,28.4301,35.9264,49.9195,52.9295,32.9228,40.3362,41.769,36.0124,70.249,-16.3318
290,Louisiana Monroe,SB,28,11-196–12,99.9268,110.2276,.2446290,44.8350,52.6288,18.2263,17.2154,34.132,29.0175,38.445,37.6293,45.6335,51.7236,28.5350,35.8302,28.7344,44.9351,67.0211,-13.3281
291,Old Dominion,SB,31,7-253–15,97.8304,107.9232,.2428291,47.6288,51.3221,15.054,18.0111,25.2292,31.2285,27.1328,39.7320,47.5287,50.0155,31.8279,35.5283,35.1237,42.0316,69.861,-19.3348
292,Valparaiso,MVC,31,7-253–17,99.4279,109.8270,.2408292,46.2331,54.5345,15.996,17.3145,25.7286,30.3233,23.3357,30.7126,45.0344,55.0344,32.1267,35.8302,36.3204,35.296,67.8150,-17.3329
293,Sacred Heart,NEC,30,16-1610–6,101.0253,111.6313,.2401293,51.5130,51.6247,17.1182,20.133,25.9280,32.6322,31.7213,31.9155,50.2177,50.6184,35.965,35.3273,34.1265,41.6311,69.282,-12.7269
294,"Wagner",NEC,29,16-157–9,95.0333,105.0174,.2400294,44.6353,48.470,15.996,17.0166,29.5149,27.092,26.8334,29.9107,42.8358,50.9203,31.6291,29.910,38.2154,41.2305,61.3361,-11.7241
295,Boston University,Pat,32,16-1710–8,97.7305,108.0234,.2398295,47.8282,50.0150,17.7217,16.9176,26.6260,23.04,30.2256,36.2272,46.8309,48.7100,32.8234,34.6233,40.890,41.0296,65.8270,-14.1303
296,Tennessee St.,OVC,29,18-1510–8,97.6310,107.9230,.2394296,48.8259,48.882,19.7325,18.674,28.4193,32.0313,38.152,44.3347,49.8203,48.699,31.3301,32.7105,35.9216,34.374,68.3130,-11.4233
297,American,Pat,31,16-1610–8,102.0235,112.8333,.2388297,52.578,53.4321,17.3196,17.0166,27.9212,25.650,28.4301,29.8106,52.878,51.9244,34.7138,36.9336,44.926,42.3326,62.9355,-12.4262
298,South Carolina St.,MEAC,30,14-189–5,98.1296,108.5241,.2382298,45.7338,52.2271,21.3349,21.814,37.76,31.0274,36.584,49.2362,44.5348,53.3308,32.3256,33.6155,31.9304,38.3220,68.8100,-12.9270
299,Jacksonville,ASun,30,16-175–11,98.4293,109.2252,.2332299,48.7260,52.3278,19.2314,17.4140,34.629,30.7260,36.386,40.4326,47.7282,51.5227,33.8182,35.7292,33.1287,40.9293,65.7273,-11.9247
300,Alcorn St.,SWAC,31,14-1813–5,105.0177,116.5356,.2332300,48.9255,55.0353,17.0179,17.2154,33.446,30.6254,37.467,36.6280,48.0273,54.0326,34.2158,37.5350,26.6355,45.8357,66.6236,-11.4232
301,Delaware St.,MEAC,31,15-186–8,94.5338,105.0173,.2312301,46.0332,50.9198,21.0344,21.814,33.642,31.4298,39.827,36.2272,45.8331,49.0111,31.2308,35.8302,25.4360,39.9274,68.7101,-14.0296
302,Bellarmine,ASun,28,8-234–12,99.9269,111.1301,.2272302,49.0251,53.9330,14.534,14.6315,21.8351,29.4197,21.4362,31.9155,48.3264,55.1346,33.6194,35.0253,37.3184,44.4348,65.0310,-17.4330
303,Campbell,CAA,29,14-188–10,100.4260,111.8319,.2251303,52.0100,52.2271,18.1249,16.4214,23.8322,31.2285,33.7149,23.611,52.0106,52.9295,34.6142,34.1199,38.6141,43.3342,66.3250,-13.7288
304,Northern Illinois,MAC,29,11-205–13,101.1250,112.6330,.2245304,49.8219,52.9304,18.1249,14.3325,28.0210,31.2285,36.289,34.7233,50.2177,51.8240,32.7240,36.7330,39.1129,35.8119,68.2132,-14.2304
305,Chicago St.,ind,27,12-180–0,96.7315,107.7223,.2239305,45.7338,53.0308,20.5339,21.519,32.276,35.7356,38.938,36.4276,46.1325,55.3350,29.9333,32.590,34.2263,35.3100,65.2307,-12.4258
306,Southeastern Louisiana,Slnd,29,15-1710–8,98.0299,109.4260,.2190306,48.4267,51.3221,20.9343,17.3145,30.7109,30.3233,35.0120,30.2115,46.6313,52.2260,34.1165,33.4147,38.6141,44.8350,64.7322,-11.7242
307,Le Moyne,NEC,29,15-179–7,98.6289,110.4280,.2144307,50.1206,50.6188,16.6153,17.8124,23.1335,29.9218,25.3347,27.859,49.2227,51.0208,34.1165,33.4147,47.513,43.0338,67.4182,-13.8289
308,Sacramento St.,BSky,32,10-244–14,97.6309,109.5264,.2100308,48.7260,54.1336,22.8359,15.6277,34.132,25.854,32.9173,32.7183,48.7248,55.1346,32.4252,35.0253,41.278,38.6238,63.9339,-19.0343
309,Jackson St.,SWAC,32,15-1711–7,99.5276,111.7315,.2096309,47.0308,52.6288,19.0304,19.058,34.926,32.0313,34.7127,34.5230,46.2322,52.4277,32.5247,35.2265,33.8272,39.6261,68.7102,-11.6237
310,Idaho,BSky,30,11-215–13,98.4292,110.6285,.2068310,50.2200,53.5323,17.5205,16.6198,22.7343,28.6155,26.7335,37.2287,50.2177,53.4311,33.5198,35.8302,41.083,38.5230,64.8316,-16.6321
311,Elon,CAA,30,13-196–12,101.1251,113.6344,.2065311,50.6177,53.2318,17.8224,15.7273,28.7177,32.8328,32.8178,29.189,48.8243,54.5337,35.2109,34.2203,43.739,40.0278,67.6169,-14.0298
312,William & Mary,CAA,31,10-234–14,99.5277,112.2323,.2016312,48.3271,52.2271,16.3122,14.4322,27.4234,29.1182,31.9207,34.9241,48.6253,52.5282,32.1267,34.5230,47.712,36.5144,65.8269,-18.6341
313,Bethune Cookman,SWAC,31,17-1611–7,96.6316,109.0247,.2000313,47.1303,49.9143,19.9327,21.913,29.4152,32.9330,39.035,48.7361,46.9306,49.0111,31.8279,34.3211,30.3325,35.7114,69.472,-12.4260
314,Coastal Carolina,SB,29,9-225–13,98.3294,111.0299,.1979314,49.4238,50.1157,19.1310,12.7358,29.3158,30.5246,32.5188,29.596,50.0190,50.6184,32.1267,33.0120,32.9290,46.6360,69.376,-17.6332
315,South Dakota,Sum,29,12-205–11,103.0218,116.3355,.1976315,51.9107,53.1311,18.3269,11.7361,27.5226,28.6155,30.5246,27.343,49.6212,52.3268,37.618,36.2320,34.5258,38.3220,68.898,-16.4319
316,Robert Morris,Horz,30,10-226–14,99.8271,112.9336,.1944316,50.3195,53.3319,20.0330,15.8265,33.254,29.5204,28.0308,36.8282,50.0190,54.3335,33.8182,34.3211,42.650,34.884,67.0209,-17.2327
317,Northern Arizona,BSky,33,14-197–11,97.8303,110.8292,.1912317,49.3245,52.9304,18.1249,16.7191,24.1315,31.1282,31.1232,37.4290,50.7163,55.4351,31.2308,32.068,35.2235,34.066,68.2131,-13.5284
318,Western Michigan,MAC,31,12-209–9,97.9302,111.0298,.1906318,48.7260,50.9198,19.7325,15.5280,33.741,29.6208,31.5220,31.5141,48.4260,50.8198,32.8234,34.1199,38.9130,38.5230,68.4119,-15.1309
319,Northwestern St.,Slnd,30,9-237–11,97.1312,110.5283,.1840319,47.7284,51.9256,19.3317,18.584,29.8141,34.1348,36.781,41.4334,48.0273,53.8319,31.3301,32.696,34.4260,37.2184,67.5175,-18.3339
320,Eastern Illinois,OVC,28,14-188–10,95.2331,108.6243,.1810320,44.8350,52.0259,15.782,19.743,27.5226,28.0128,27.2326,37.5291,43.6355,51.1214,31.8279,35.8302,29.6336,37.1180,66.5242,-13.1273
321,Charleston Southern,BSth,27,10-206–10,93.6342,106.8212,.1805321,45.2346,50.9198,18.1249,13.4345,27.0248,29.0175,31.2230,33.5206,44.1351,52.3268,31.4298,31.961,35.9216,31.528,66.7229,-14.1301
322,Alabama St.,SWAC,29,13-198–10,91.7353,104.8168,.1763322,41.0362,49.197,16.3122,20.037,31.790,29.1182,28.5299,43.4345,40.4362,47.661,28.0359,34.1199,38.4149,41.0296,67.1202,-13.8291
323,Lafayette,Pat,31,11-2110–8,93.1346,106.5202,.1761323,46.9311,48.572,17.5205,17.4140,24.2312,29.1182,23.9355,31.5141,47.0301,46.635,31.2308,34.3211,40.0105,38.5230,65.2306,-16.9325
324,Eastern Michigan,MAC,29,13-186–12,96.0324,110.4280,.1667324,47.9280,52.0259,17.0179,15.7273,27.6221,31.2285,25.0350,31.5141,48.7248,54.7341,30.8322,31.961,32.3298,39.5256,65.3304,-14.0297
325,Southern Indiana,OVC,29,8-245–13,96.4320,111.7314,.1551325,45.6340,49.5116,19.4319,16.6198,27.0248,28.5147,37.663,48.6360,44.5348,49.3127,31.6291,33.3138,36.3204,37.5194,69.088,-19.2346
326,NJIT,AE,27,7-213–13,97.4311,113.1337,.1515326,44.6353,52.4282,16.4134,16.6198,28.3197,32.9330,31.2230,39.7320,44.7346,52.3268,29.6337,35.0253,39.2126,35.8119,66.4248,-16.7322
327,Navy,Pat,30,13-188–10,95.7325,111.3306,.1505327,44.0355,50.3169,15.677,20.528,31.886,30.8267,34.8125,35.7256,43.8353,50.9203,29.6337,32.9118,33.1287,40.7288,65.4296,-15.3312
328,Hampton,CAA,30,9-243–15,95.4329,111.3304,.1461328,46.7321,51.6247,17.9234,15.0305,27.9212,31.9309,29.4274,29.9107,46.9306,52.1256,30.9321,33.9172,38.6141,39.0246,69.764,-20.0352
329,New Orleans,Slnd,29,10-234–14,98.1297,114.4350,.1450329,45.5342,54.4341,17.3196,19.156,28.4193,34.9351,39.234,38.7304,45.5339,54.9343,30.2327,35.5283,29.3339,31.731,71.226,-17.9334
330,Dartmouth,Ivy,25,6-212–12,93.2345,109.2254,.1395330,47.6288,54.2338,19.4319,13.4345,20.7356,24.518,27.8313,24.412,48.2267,53.2305,31.2308,37.0339,42.749,42.4328,65.0311,-15.8316
331,Arkansas Pine Bluff,SWAC,27,13-188–10,100.9255,118.3360,.1375331,51.5130,52.6288,18.0242,15.4287,22.9338,34.0345,40.224,32.5173,48.4260,56.0356,36.533,31.442,49.45,38.3220,71.917,-13.3280
332,UT Rio Grande Valley,WAC,29,6-252–18,94.4339,110.9293,.1368332,45.1347,53.1311,19.0304,18.962,24.3305,33.4337,41.215,34.4228,45.8331,54.2334,29.0344,33.9172,29.2341,33.453,71.227,-19.3350
333,Alabama A&M,SWAC,33,11-229–9,92.1350,108.3239,.1345333,45.5342,49.2102,22.5358,19.839,31.790,32.7325,47.92,46.3354,46.6313,46.739,28.5350,35.7292,27.0353,36.8165,70.347,-17.6331
334,Morgan St.,MEAC,28,11-207–7,96.5317,113.6341,.1334334,47.4294,52.0259,20.2336,18.297,29.5149,37.2360,31.3227,41.4334,49.3222,51.6232,28.2357,35.3273,26.9354,32.436,70.639,-15.4314
335,Manhattan,MAAC,29,7-234–16,94.9334,111.7317,.1322335,47.2299,53.1311,19.2314,16.9176,24.8299,30.1227,22.1361,27.343,47.4289,52.2260,31.3301,36.7330,38.7137,33.861,68.3126,-18.3338
336,Central Arkansas,ASun,30,9-235–11,96.4321,113.6343,.1308336,47.5292,54.0333,18.1249,15.4287,28.3197,31.4298,29.3277,33.7213,45.2341,51.9244,34.2158,37.9353,37.8166,42.1320,69.184,-18.9342
337,Fairleigh Dickinson,NEC,30,15-179–7,95.5327,112.7332,.1296337,47.1303,52.9304,17.2190,19.058,27.8218,31.2285,34.9123,32.0160,46.7311,52.4277,31.8279,35.7292,39.3124,40.5285,72.215,-13.8292
338,Texas A&M Commerce,Slnd,30,13-206–12,94.3340,111.4307,.1282338,46.0332,52.4282,16.7159,18.394,24.3305,33.1335,30.8240,39.2312,47.6285,52.4277,29.4341,35.0253,46.021,30.416,66.1260,-13.9295
339,Cal Poly,BW,31,4-280–20,93.5344,111.5310,.1162339,46.0332,51.5239,18.6284,17.3145,24.3305,33.6338,31.3227,41.9337,44.1351,50.8198,33.0223,35.6288,34.0270,30.315,65.7280,-23.3360
340,LIU Brooklyn,NEC,29,7-226–10,92.8349,111.2303,.1116340,46.4329,50.8195,20.1333,15.8265,25.5288,28.5147,31.5220,41.1333,46.3320,53.0299,31.0318,31.132,29.9330,34.374,70.348,-18.3337
341,North Carolina A&T,CAA,32,7-255–13,94.9335,113.6342,.1116341,43.9356,54.5345,13.811,15.9256,24.3305,34.0345,34.0140,29.596,44.4350,55.5352,28.7348,35.2265,35.7222,37.2184,67.9143,-19.0344
342,Loyola MD,Pat,31,7-255–13,93.5343,112.1322,.1107342,47.2299,53.3319,20.4338,15.6277,29.2162,26.468,30.0257,32.6176,46.1325,53.3308,32.7240,35.6288,38.7137,36.6148,65.7277,-20.8353
343,Buffalo,MAC,30,4-272–16,94.8336,114.0347,.1075343,47.3295,53.9330,20.0330,15.1299,28.3197,30.6254,26.0340,28.782,51.6124,53.5313,27.5361,36.5325,41.472,35.191,68.991,-22.0356
344,Incarnate Word,Slnd,29,8-233–15,95.2332,114.5351,.1070344,48.2273,51.8253,21.7355,15.1299,30.0134,30.0221,37.173,40.7329,48.3264,50.2170,32.0274,36.7330,39.7115,34.476,69.957,-19.3349
345,Florida A&M,SWAC,27,6-234–14,91.9352,110.6284,.1069345,47.5292,51.8253,21.4352,16.3225,26.3268,31.7305,28.0308,39.2312,46.0328,51.1214,34.1165,35.3273,29.9330,36.6148,68.1137,-16.8324
346,Army,Pat,30,10-226–12,90.6355,108.9245,.1069346,47.1303,50.3169,18.9300,16.6198,27.0248,25.541,25.4346,31.6146,46.5317,50.6184,31.8279,33.2132,45.124,39.5256,63.0352,-19.5351
347,Detroit,Horz,32,1-311–19,96.4322,116.1353,.1045347,47.3295,55.9359,19.4319,17.3145,25.9280,35.2352,30.3253,31.9155,50.4170,56.1357,28.1358,37.1343,36.9189,37.2184,67.0207,-24.8362
348,Tennessee Tech,OVC,28,10-215–13,94.1341,113.4338,.1044348,49.0251,52.5285,17.8224,15.4287,18.9360,28.1133,31.0234,24.614,49.2227,52.7287,32.3256,34.8243,34.1265,37.7204,65.6281,-17.2328
349,Prairie View A&M,SWAC,29,10-215–13,93.0348,112.3327,.1029349,45.6340,53.7327,17.7217,22.68,26.5263,35.2352,36.976,46.6356,45.6335,54.1328,30.4325,35.2265,26.4356,32.944,70.834,-16.0317
350,Holy Cross,Pat,32,10-236–12,99.2281,120.7362,.0948350,50.1206,53.6326,16.5144,12.8356,23.2332,28.1133,25.9343,30.6124,48.7248,50.7193,35.0120,38.7359,37.7169,39.7267,65.7279,-19.3347
351,Maryland Eastern Shore,MEAC,25,9-204–10,88.9359,108.9244,.0878351,43.0359,50.9198,20.0330,18.962,28.8175,33.7340,32.7181,37.8294,43.3356,51.7236,28.3354,33.0120,34.8249,36.2131,67.1200,-16.4320
352,Pacific,WCC,30,6-260–16,94.8337,116.5357,.0857352,46.5326,56.3360,16.9173,16.1241,18.8361,33.2336,37.173,36.4276,46.0328,58.2361,31.5296,35.7292,36.3204,39.7267,68.3127,-19.1345
353,Houston Christian,Slnd,27,6-234–14,96.5318,119.3361,.0806353,46.9311,54.0333,21.0344,13.6342,29.7145,33.7340,36.877,28.681,47.9277,55.5352,29.5339,34.0183,28.0350,34.169,71.521,-17.1326
354,Southeast Missouri St.,OVC,27,9-224–14,90.2357,111.7316,.0783354,45.1347,52.0259,17.3196,17.2154,24.0317,29.5204,27.0329,44.2346,45.1343,54.0326,30.0331,31.548,33.5278,30.518,69.281,-18.3336
355,Lindenwood,OVC,28,9-223–15,91.3354,113.5339,.0754355,43.3358,53.9330,17.9234,17.7128,23.6326,28.7163,38.347,40.2324,43.2357,52.5282,29.0344,37.6352,30.7319,37.4192,67.4181,-18.1335
356,Siena,MAAC,32,4-283–17,90.1358,112.2324,.0739356,44.7352,51.8253,23.4361,14.8311,33.254,31.2285,30.8240,28.063,46.1325,51.3222,28.0359,35.2265,34.3262,34.169,65.9265,-23.6361
357,VMI,SC,29,4-281–17,87.8360,110.7288,.0652357,46.0332,54.4341,21.2346,15.1299,23.8322,30.6254,27.6316,30.9131,46.7311,54.5337,29.7335,36.2320,33.3283,38.4225,74.72,-22.6357
358,Stonehill,NEC,30,4-272–14,90.3356,114.2348,.0631358,46.7321,52.7296,19.5322,16.6198,22.5344,31.0274,22.6358,29.492,47.9277,51.7236,30.1328,35.9310,47.017,46.2359,68.1136,-22.0355
359,St. Francis PA,NEC,28,8-223–13,93.1347,118.1359,.0608359,47.2299,53.0308,21.2346,17.1161,32.959,31.3294,32.6184,35.4253,45.7333,52.9295,33.2212,35.4278,35.1237,37.1180,65.4292,-18.6340
360,IUPUI,Horz,29,6-262–18,92.1351,116.9358,.0608360,46.5326,58.2362,21.3349,18.584,30.0134,35.5355,33.2162,33.4203,49.5215,59.0362,24.7362,38.0355,24.3361,37.5194,67.3188,-21.6354
361,Coppin St.,MEAC,29,2-271–13,85.1362,111.1300,.0445361,42.1361,51.3221,22.9360,21.814,27.0248,38.6362,31.1232,38.3297,41.9360,51.0208,28.3354,34.5230,34.4260,37.6200,66.3251,-22.9359
362,Mississippi Valley St.,SWAC,31,1-301–17,85.4361,116.2354,.0282362,42.5360,55.6356,24.0362,17.2154,27.9212,35.7356,33.0168,41.6336,41.9360,55.6354,29.2343,37.0339,30.4322,36.5144,64.5328,-22.7358
