rank,team,obpr,dbpr,bpr,off_rank,def_rank,tempo,tempo_rank,home_rank,runs_per_game,runs_conceded_per_game,runs_total,runs_conceded_total,wins,losses,color_O,color_D,color_Diff
1,Connecticut,14.445260570426,11.6211252333226,26.0663858037486,3,9,67.976973613355,205,127,0.725,0.15,29,6,31,8,#FFB150,#FFB75C,#FF9D23
2,Alabama,11.0526468550107,13.8939567030917,24.9466035581023,12,3,73.5817995106667,3,3,0.657894736842105,0.131578947368421,25,5,31,6,#FFC479,#FFA93C,#FFA22C
3,Houston,11.3787855484144,13.3364931397597,24.715278688174,11,4,65.2393736946667,334,235,0.789473684210526,0.236842105263158,30,9,33,4,#FFC275,#FFAC44,#FFA22E
4,UCLA,10.6516514372335,13.9436999866738,24.5953514239072,15,2,67.3224450312905,255,148,0.794871794871795,0.230769230769231,31,9,31,6,#FFC67E,#FFA83B,#FFA32F
5,Gonzaga,18.0720365071962,4.63662307389392,22.7086595810901,1,70,71.3539586404,39,163,0.756756756756757,0.162162162162162,28,6,30,6,#FF9E25,#FFE2BE,#FFAA3F
6,Texas,10.7209648294243,11.4084901872335,22.1294550166578,14,10,69.8560954810336,109,28,0.575,0.175,23,7,29,9,#FFC57D,#FFB85F,#FFAC44
7,Purdue,12.5710812428927,9.01512107805641,21.5862023209491,9,21,65.419000846,331,100,0.722222222222222,0.333333333333333,26,12,29,6,#FFBB67,#FFC780,#FFAE48
8,Tennessee,5.66781548453206,15.5110211887327,21.1788366732648,64,1,66.9929852263883,267,4,0.763157894736842,0.236842105263158,29,9,25,11,#FFE0BA,#FF9F25,#FFB04C
9,Kansas,8.89163156183369,11.6330180370469,20.5246495988806,28,8,70.7163065233933,61,337,0.631578947368421,0.210526315789474,24,8,28,8,#FFCF93,#FFB75C,#FFB251
10,Arizona,12.7232579268105,7.52451524944271,20.2477731762532,8,36,73.1043206806667,10,96,0.72972972972973,0.189189189189189,27,7,28,7,#FFBB65,#FFD095,#FFB354
11,Creighton,10.4853578143385,9.26217258183978,19.7475303961783,18,20,68.7393936531975,170,40,0.5,0.263157894736842,19,10,24,13,#FFC780,#FFC57D,#FFB558
12,Marquette,12.7826979347734,6.62734734548234,19.4100452802558,7,49,69.6887515571755,118,338,0.648648648648649,0.432432432432432,24,16,28,7,#FFBA64,#FFD6A2,#FFB65B
13,Duke,9.15651416002536,9.68968751939974,18.8462016794251,25,18,66.4399681839,294,121,0.710526315789474,0.210526315789474,27,8,27,9,#FFCE90,#FFC377,#FFB860
14,Miami (Fla.),14.0321049748523,4.34048859444323,18.3725935692955,4,73,69.7158524874665,116,333,0.605263157894737,0.236842105263158,23,9,29,8,#FFB455,#FFE4C2,#FFBA64
15,Memphis,9.54623852199766,8.3284854179382,17.8747239399359,21,29,72.138890198,24,329,0.444444444444444,0.277777777777778,16,10,26,9,#FFCC8B,#FFCB8A,#FFBC68
16,Baylor,13.4899206233176,3.91025589786659,17.4001765211842,5,78,68.5522674773546,176,70,0.617647058823529,0.382352941176471,21,13,23,11,#FFB75C,#FFE6C8,#FFBE6C
17,Xavier,11.9929494221338,5.38941138220152,17.3823608043353,10,64,71.4474895646,38,224,0.435897435897436,0.333333333333333,17,13,27,10,#FFBF6E,#FFDDB3,#FFBE6C
18,Florida Atlantic,9.33208973993147,7.88843160038678,17.2205213403183,22,33,68.9555630860771,162,158,0.846153846153846,0.256410256410256,33,10,33,4,#FFCD8E,#FFCE90,#FFBE6D
19,San Diego State,4.67212348013134,12.3875889575915,17.0597124377228,81,5,66.9146704695307,273,89,0.564102564102564,0.153846153846154,22,6,31,7,#FFE6C6,#FFB251,#FFBF6F
20,Virginia,6.75219645563448,10.2901621419823,17.0423585976168,51,15,63.143746018,360,63,0.514285714285714,0.171428571428571,18,6,25,8,#FFDBAD,#FFBF6F,#FFBF6F
21,Saint Mary's,6.37340463549422,10.5322316991386,16.9056363346328,55,14,62.9336374473333,361,32,0.5625,0.28125,18,9,25,7,#FFDDB2,#FFBD6B,#FFC070
22,Kentucky,10.6160305981646,6.00238114205984,16.6184117402245,17,57,67.4652754776173,247,192,0.485714285714286,0.257142857142857,17,9,22,12,#FFC67E,#FFD9AB,#FFC172
23,TCU,7.50379626616324,8.81998890505906,16.3237851712223,38,24,70.4105021458206,74,44,0.513513513513513,0.243243243243243,19,9,22,13,#FFD7A4,#FFC883,#FFC275
24,Arkansas,6.2379943504156,9.8327539907884,16.070748341204,57,17,70.73147323478,57,43,0.648648648648649,0.378378378378378,24,14,22,14,#FFDDB3,#FFC275,#FFC377
25,Iowa,14.9640522736471,1.0899099780286,16.0539622516757,2,142,70.5976895910113,65,94,0.636363636363636,0.363636363636364,21,12,19,14,#FFAF4A,#FFF8EF,#FFC377
26,North Carolina,7.76020749037454,8.28511604197113,16.0453235323457,36,30,70.2516871139333,88,115,0.470588235294118,0.264705882352941,16,9,20,13,#FFD5A1,#FFCB8B,#FFC377
27,Michigan State,9.12492017219309,6.90561269004412,16.0305328622372,26,42,66.3168669882687,301,106,0.555555555555556,0.444444444444444,20,16,21,13,#FFCE90,#FFD49E,#FFC377
28,Texas A&M,8.5575020875533,7.31378803611407,15.8712901236674,30,38,67.1758332728233,262,287,0.472222222222222,0.138888888888889,17,5,25,10,#FFD197,#FFD198,#FFC379
29,Auburn,7.27846825839552,8.48476797641258,15.7632362348081,43,27,69.448578686824,134,117,0.5,0.205882352941176,17,7,21,13,#FFD8A7,#FFCA88,#FFC47A
30,Kansas State,7.41544207205952,8.13056738455558,15.5460094566151,41,31,70.8313932638067,50,12,0.5,0.5,18,18,26,10,#FFD7A5,#FFCC8D,#FFC57B
31,Indiana,8.17666736594343,7.15725299556801,15.3339203615114,32,40,69.1866732373337,142,62,0.75,0.388888888888889,27,14,23,12,#FFD39C,#FFD29A,#FFC57D
32,North Texas,5.63060150504305,9.35381369199684,14.9844151970399,65,19,60.68868818,363,182,0.657894736842105,0.368421052631579,25,14,29,7,#FFE0BB,#FFC57C,#FFC780
33,Iowa State,2.71800906737822,12.0093289201463,14.7273379875245,116,6,65.84628586668,322,39,0.588235294117647,0.441176470588235,20,15,19,14,#FFF0DE,#FFB456,#FFC882
34,Illinois,5.82793283448553,8.87851261620343,14.706445450689,62,23,70.643780391,62,202,0.666666666666667,0.575757575757576,22,19,20,13,#FFDFB8,#FFC882,#FFC882
35,West Virginia,10.3227042870469,4.31333229020456,14.6360365772515,19,74,69.0007277185953,157,120,0.314285714285714,0.228571428571429,11,8,19,15,#FFC782,#FFE4C2,#FFC883
36,VCU,3.14151833992759,11.2269666773623,14.3684850172899,108,11,69.1310381735143,148,255,0.457142857142857,0.428571428571429,16,15,27,8,#FFEED9,#FFB961,#FFC985
37,Maryland,7.13118705676641,7.16289303590006,14.2940800926665,45,39,65.8343196068,323,24,0.72972972972973,0.297297297297297,27,11,22,13,#FFD8A8,#FFD29A,#FFC986
38,Michigan,7.41744348434594,6.66280124729608,14.080244731642,40,48,68.8180242596523,166,195,0.617647058823529,0.441176470588235,21,15,18,16,#FFD7A5,#FFD5A1,#FFCA88
39,Penn State,10.811155656337,3.02170757914544,13.8328632354825,13,95,65.7584177686,326,90,0.5,0.342105263157895,19,13,23,14,#FFC57C,#FFECD4,#FFCB8A
40,Northwestern,4.59998744157116,8.910608608742,13.5105960503132,83,22,65.865115894,321,293,0.428571428571429,0.342857142857143,15,12,22,12,#FFE6C7,#FFC782,#FFCC8D
41,Clemson,6.61864922392624,6.7140793623593,13.3327285862855,52,45,69.1011278344443,153,17,0.722222222222222,0.277777777777778,26,10,23,11,#FFDBAF,#FFD5A1,#FFCD8E
42,Villanova,7.88105182233597,5.40347640899601,13.284528231332,35,63,65.4137064393333,332,197,0.428571428571429,0.228571428571429,15,8,17,17,#FFD49F,#FFDDB3,#FFCD8E
43,USC,6.94040436441384,6.29873064772412,13.239135012138,49,53,69.1728571866647,144,221,0.647058823529412,0.529411764705882,22,18,22,11,#FFDAAB,#FFD8A6,#FFCD8F
44,Utah State,7.90561192231422,5.29879110704316,13.2044030293574,34,65,70.408225082154,75,176,0.5,0.382352941176471,17,13,25,9,#FFD49F,#FFDEB4,#FFCD8F
45,Rutgers,1.4408871421902,11.7558893428876,13.1967764850778,143,7,67.432122469494,251,93,0.657142857142857,0.2,23,7,19,15,#FFF7ED,#FFB65A,#FFCD8F
46,Dayton,7.14686816055684,5.99785858148396,13.1447267420408,44,58,64.1047918466667,355,66,0.676470588235294,0.176470588235294,23,6,21,12,#FFD8A8,#FFD9AB,#FFCE90
47,Oregon,6.97347027557836,6.12874439711086,13.1022146726892,46,55,67.7604165455248,223,41,0.487179487179487,0.307692307692308,19,12,21,15,#FFD9AA,#FFD9A9,#FFCE90
48,Providence,9.26196703833927,3.72672622299861,12.9886932613379,23,83,67.9723783559997,207,265,0.575757575757576,0.333333333333333,19,11,21,12,#FFCD8F,#FFE7CA,#FFCE91
49,NC State,8.96811821863506,3.99398944267801,12.9621076613131,27,76,70.0380819582059,96,194,0.628571428571429,0.4,22,14,23,11,#FFCF92,#FFE6C7,#FFCE91
50,UAB,6.56593712629086,6.36716651644406,12.9331036427349,54,51,71.8849879946667,29,188,0.75,0.2,30,8,28,10,#FFDBAF,#FFD7A5,#FFCE91
51,Drake,5.49828495767157,7.43191053172092,12.9301954893925,68,37,67.5301486342873,240,131,0.529411764705882,0.323529411764706,18,11,26,8,#FFE1BC,#FFD197,#FFCE91
52,Ohio State,9.23643378731343,3.44638283533515,12.6828166226486,24,87,67.4369469948693,250,46,0.555555555555556,0.444444444444444,20,16,16,19,#FFCD8F,#FFE9CE,#FFCF94
53,Cincinnati,6.95549653516534,5.67608559309009,12.6315821282554,48,60,69.4900821177587,128,69,0.542857142857143,0.371428571428571,19,13,22,13,#FFD9AB,#FFDBAF,#FFCF94
54,Oklahoma State,1.68747526388619,10.7130220808902,12.4004973447764,135,13,68.7371638270309,171,217,0.540540540540541,0.432432432432432,20,16,20,16,#FFF6EA,#FFBC69,#FFD096
55,Mississippi State,1.2392110022412,10.7939951152719,12.0332061175131,147,12,65.085428072,340,201,0.257142857142857,0.4,9,14,21,13,#FFF8F0,#FFBC67,#FFD299
56,Seton Hall,2.08508034484305,9.89563048507463,11.9807108299177,129,16,67.8943490840149,213,355,0.65625,0.40625,21,13,16,16,#FFF3E5,#FFC174,#FFD299
57,Boise State,5.58742280354478,6.12477552310301,11.7121983266478,66,56,67.0511932159333,266,48,0.441176470588235,0.352941176470588,15,12,23,10,#FFE1BB,#FFD9A9,#FFD39C
58,Liberty,6.14876692412119,5.51899002296476,11.6677569470859,58,61,66.0379510759867,315,21,0.818181818181818,0.303030303030303,27,10,24,9,#FFDEB4,#FFDCB1,#FFD39C
59,Texas Tech,6.29289724515592,5.24772732501666,11.5406245701726,56,66,68.1531791526003,199,258,0.5,0.5,16,16,16,16,#FFDDB3,#FFDEB5,#FFD39D
60,Utah Valley,3.01346127444876,8.50789642198176,11.5213576964305,111,26,71.1520214935333,42,125,0.4,0.228571428571429,14,8,25,9,#FFEEDA,#FFCA87,#FFD49D
61,Florida,3.75971330362074,7.74290167264792,11.5026149762687,101,35,70.3708280711173,76,140,0.666666666666667,0.454545454545455,22,15,16,17,#FFEAD1,#FFCF92,#FFD49E
62,Virginia Tech,9.62391070229211,1.58408615633329,11.2079968586254,20,129,67.9503099908659,208,31,0.558823529411765,0.117647058823529,19,4,19,15,#FFCB8A,#FFF5E8,#FFD5A0
63,Missouri,10.6204887043404,0.543238252947231,11.1637269572877,16,156,70.1352772062207,92,256,0.694444444444444,0.472222222222222,25,17,25,10,#FFC67E,#FFFBF7,#FFD5A0
64,Arizona State,2.48527985565903,8.328707934731,10.81398779039,122,28,69.8875230321339,107,230,0.552631578947368,0.473684210526316,21,18,23,13,#FFF1E1,#FFCB8A,#FFD6A3
65,Yale,4.09575726638807,6.69994687225255,10.7957041386406,96,46,67.5510003248648,239,56,0.678571428571429,0.357142857142857,19,10,19,9,#FFE9CD,#FFD5A1,#FFD6A3
66,BYU,4.01305520070631,6.77112942299045,10.7841846236968,97,44,71.1661702912667,41,128,0.53125,0.5625,17,18,17,15,#FFE9CE,#FFD5A0,#FFD6A4
67,UCF,3.68370829815804,7.0933626849366,10.7770709830946,103,41,66.1328226682,311,169,0.485714285714286,0.485714285714286,17,17,19,15,#FFEBD2,#FFD39B,#FFD6A4
68,Pittsburgh,8.17716882564189,2.48842474403645,10.6655935696783,31,106,68.3410083064818,189,268,0.594594594594595,0.297297297297297,22,11,24,12,#FFD39C,#FFEFDC,#FFD7A5
69,College of Charleston,4.25179662616153,6.35939179213081,10.6111884182923,93,52,72.3125508433333,22,101,0.794117647058823,0.264705882352941,27,9,30,4,#FFE8CB,#FFD7A6,#FFD7A5
70,Oklahoma,4.52703433571095,5.8554851714339,10.3825195071449,85,59,66.6930175796075,287,98,0.4375,0.25,14,8,15,17,#FFE6C8,#FFDAAD,#FFD8A7
71,Wisconsin,2.51327887930237,7.83456147521322,10.3478403545156,121,34,64.650605508,347,228,0.314285714285714,0.542857142857143,11,19,20,15,#FFF1E0,#FFCE91,#FFD8A7
72,Washington State,5.8015034635727,4.16147172097734,9.96297518455004,63,75,65.2375228212667,335,54,0.454545454545455,0.303030303030303,15,10,17,17,#FFE0B9,#FFE5C4,#FFD9AA
73,Colorado,1.83102244596212,8.03571043748099,9.86673288344311,131,32,70.25396907036,87,64,0.361111111111111,0.361111111111111,13,13,18,17,#FFF5E8,#FFCD8E,#FFDAAB
74,Iona,5.99277409695595,3.82530155569923,9.81807565265518,60,80,69.1297647551133,150,52,0.885714285714286,0.371428571428571,31,13,27,8,#FFDFB6,#FFE7C9,#FFDAAC
75,Stanford,7.49252657808727,2.24823116795565,9.74075774604292,39,116,67.3916116497627,253,71,0.529411764705882,0.529411764705882,18,18,14,19,#FFD7A4,#FFF1DF,#FFDAAC
76,Toledo,13.4808214947685,-3.9370809476606,9.54374054710786,6,267,70.7907217061067,54,162,0.657142857142857,0.228571428571429,23,8,26,8,#FFB75C,#D0E2F1,#FFDBAE
77,Oral Roberts,8.01828608348071,1.2595527908182,9.27783887429892,33,137,70.7943733574,53,119,1.12903225806452,0.419354838709677,35,13,26,5,#FFD49E,#FFF7ED,#FFDCB0
78,Furman,8.81494236807036,0.311676891573361,9.12661925964372,29,160,69.4841744798933,130,312,0.787878787878788,0.454545454545455,26,15,25,8,#FFD094,#FFFDFA,#FFDCB2
79,Saint John's,4.33003633739072,4.79251290847548,9.1225492458662,92,69,74.215359776,1,238,0.545454545454545,0.484848484848485,18,16,18,14,#FFE7CA,#FFE1BB,#FFDDB2
80,Utah,2.18327729347859,6.6970463186733,8.88032361215189,128,47,67.7081782947008,226,34,0.625,0.3125,20,10,17,15,#FFF3E4,#FFD5A1,#FFDDB4
81,Vanderbilt,6.81216810074627,2.06081452785888,8.87298262860514,50,119,67.9465319528981,209,168,0.435897435897436,0.512820512820513,17,20,22,14,#FFDAAC,#FFF2E2,#FFDDB4
82,Kent State,2.22625005561387,6.54174806841747,8.76799812403133,127,50,69.5974532072178,121,134,0.617647058823529,0.294117647058824,21,10,26,7,#FFF3E4,#FFD6A3,#FFDEB5
83,Marshall,5.2583689285451,3.39179508727889,8.65016401582399,74,88,73.0864260793333,11,189,0.709677419354839,0.225806451612903,22,7,23,8,#FFE2BF,#FFEACF,#FFDEB6
84,Wake Forest,6.95681342593512,1.5739605100864,8.53077393602152,47,130,70.473774078616,71,187,0.424242424242424,0.454545454545455,14,15,19,14,#FFD9AB,#FFF5E8,#FFDFB7
85,New Mexico,7.57428778704691,0.902750307025586,8.47703809407249,37,148,72.4180691846667,20,299,0.588235294117647,0.205882352941176,20,7,21,12,#FFD6A3,#FFF9F2,#FFDFB7
86,Saint Louis,6.60353597807836,1.53979004240398,8.14332602048234,53,132,70.2398586918373,90,102,0.625,0.25,20,8,20,12,#FFDBAF,#FFF5E9,#FFE0BA
87,Hofstra,4.33007757503915,3.45063933820507,7.78071691324422,91,85,68.9885735276582,160,179,0.647058823529412,0.352941176470588,22,12,24,10,#FFE7CA,#FFE9CE,#FFE2BD
88,Nevada,4.39533649055549,3.36854530454382,7.7638817950993,89,89,67.5520708231037,238,65,0.59375,0.375,19,12,21,11,#FFE7C9,#FFEACF,#FFE2BD
89,Sam Houston State,-1.00233124714788,8.75056013170029,7.74822888455241,197,25,66.282707297604,304,216,0.580645161290323,0.32258064516129,18,10,22,8,#F3F7FB,#FFC884,#FFE2BD
90,Bradley,2.84579368694665,4.57137267218855,7.4171663591352,114,71,66.3027356824933,303,2,0.705882352941177,0.323529411764706,24,11,24,10,#FFEFDC,#FFE2BF,#FFE3C0
91,Santa Clara,4.89077606480529,2.25031920173707,7.14109526654236,79,115,70.7553531732667,56,350,0.65625,0.15625,21,5,22,10,#FFE4C4,#FFF1DF,#FFE4C2
92,UNC Greensboro,-0.0469618774149223,6.88756015673132,6.84059827931639,172,43,67.5136447738288,242,309,0.466666666666667,0.433333333333333,14,13,18,12,#FEFEFE,#FFD49E,#FFE5C5
93,Louisiana-Lafayette,5.23209974234165,1.45261921619597,6.68471895853762,75,133,69.5504440386178,123,19,0.580645161290323,0.225806451612903,18,7,23,8,#FFE3BF,#FFF6EA,#FFE6C6
94,Princeton,4.09773319149713,2.344090351566,6.44182354306314,95,110,68.4365558319139,181,274,0.366666666666667,0.433333333333333,11,13,21,9,#FFE9CD,#FFF0DE,#FFE6C8
95,Nebraska,1.17501637645709,5.11973943611674,6.29475581257383,150,67,68.4146320933033,183,130,0.53125,0.6875,17,22,16,16,#FFF8F0,#FFDFB7,#FFE7C9
96,Indiana State,4.1204562690701,2.03020737142344,6.15066364049354,94,120,71.6281134893333,36,285,0.742857142857143,0.314285714285714,26,11,22,13,#FFE9CD,#FFF2E2,#FFE8CB
97,Wichita State,2.24337029031519,3.75448470444137,5.99785499475656,126,81,67.4926125743445,245,358,0.636363636363636,0.393939393939394,21,13,17,15,#FFF3E3,#FFE7CA,#FFE8CC
98,Towson,4.81942296754756,1.06632047370646,5.88574344125402,80,144,66.07900060204,312,97,0.705882352941177,0.264705882352941,24,9,21,12,#FFE5C4,#FFF8F0,#FFE9CD
99,San Francisco,5.38345785314988,0.483519886075312,5.86697773922519,71,157,69.465752728345,133,142,0.696969696969697,0.363636363636364,23,12,19,14,#FFE2BE,#FFFCF8,#FFE9CD
100,James Madison,2.41318945805041,3.31415126943703,5.72734072748744,123,93,71.7306974782667,32,281,0.733333333333333,0.366666666666667,22,11,19,11,#FFF2E1,#FFEAD0,#FFE9CE
101,South Alabama,2.66906369428578,2.85411248616271,5.52317618044849,117,99,66.7199318291973,285,23,0.393939393939394,0.363636363636364,13,12,17,16,#FFF0DE,#FFEDD7,#FFEAD0
102,Colgate,7.37402662564458,-1.92154274351386,5.45248388213071,42,221,68.880679388944,165,294,0.382352941176471,0.205882352941176,13,7,25,9,#FFD7A6,#E8F1F8,#FFEAD1
103,Vermont,5.34920910042319,-0.0146681648540622,5.33454093556913,73,167,65.8256630606667,324,75,0.484848484848485,0.333333333333333,16,11,22,11,#FFE2BE,#FEFEFE,#FFEBD2
104,UC Santa Barbara,5.39108919827619,-0.215886959710115,5.17520223856607,70,174,66.1966013329947,308,246,0.558823529411765,0.205882352941176,19,7,24,8,#FFE2BD,#FCFDFE,#FFEBD3
105,Syracuse,4.89112478176439,0.276560541712953,5.16768532347734,78,162,68.7330421830408,172,208,0.5,0.46875,16,15,17,15,#FFE4C4,#FFFDFB,#FFEBD3
106,Ole Miss,1.69095735586299,3.36613956125703,5.05709691712001,134,90,67.8031338181493,222,270,0.264705882352941,0.323529411764706,9,11,12,21,#FFF5EA,#FFEACF,#FFECD4
107,Tulane,4.48780777052305,0.563133225358869,5.05094099588192,86,155,73.4210413533333,5,241,0.53125,0.375,17,12,20,11,#FFE7C8,#FFFBF7,#FFECD4
108,UNLV,0.99652694623161,3.92872316372689,4.9252501099585,154,77,70.72918803,58,363,0.5625,0.375,18,12,18,13,#FFF9F2,#FFE6C8,#FFECD5
109,Akron,3.64242576936446,1.07256824065396,4.71499401001842,104,143,66.9904275349058,268,85,0.46875,0.375,15,12,20,11,#FFEBD3,#FFF8EF,#FFEDD7
110,Charlotte,3.70142124150453,0.857805855408182,4.55922709691271,102,149,61.6600240793333,362,95,0.444444444444444,0.472222222222222,16,17,22,14,#FFEBD2,#FFF9F2,#FFEED8
111,Butler,-1.66709636081736,6.15557155254015,4.48847519172278,212,54,67.0833109779884,265,181,0.46875,0.53125,15,17,14,18,#EBF2F9,#FFD8A8,#FFEED9
112,Belmont,6.08736324388795,-1.72836866924396,4.35899457464399,59,216,69.7475698050365,115,78,0.516129032258065,0.32258064516129,16,10,20,11,#FFDEB5,#EAF2F9,#FFEEDA
113,UMass Lowell,2.78500082497992,1.55107801393006,4.33607883890999,115,131,69.9138008518639,103,6,0.59375,0.3125,19,10,24,8,#FFF0DD,#FFF5E9,#FFEEDA
114,Middle Tennessee,1.30023579912297,2.81528636237043,4.1155221614934,146,100,68.2429872897408,194,1,0.53125,0.46875,17,15,17,14,#FFF8EF,#FFEDD7,#FFEFDC
115,Colorado State,5.49456983965504,-1.53200995216772,3.96255988748732,69,202,67.5633659554933,235,109,0.4375,0.4375,14,14,14,18,#FFE1BC,#EDF3F9,#FFF0DD
116,Grand Canyon,5.35428059390325,-1.50896376439659,3.84531682950666,72,201,66.6123585730373,289,243,0.529411764705882,0.588235294117647,18,20,21,12,#FFE2BE,#EDF4F9,#FFF0DE
117,UC Irvine,0.35006777242544,3.44820465752532,3.79827242995076,167,86,70.8210883885333,52,322,0.470588235294118,0.264705882352941,16,9,21,12,#FFFDFA,#FFE9CE,#FFF0DE
118,Temple,1.31115246922344,2.31390333086986,3.62505580009331,145,111,67.5126105728362,243,316,0.5,0.3125,16,10,16,16,#FFF8EF,#FFF0DE,#FFF1E0
119,Southern Illinois,-1.96138352948322,5.49916507710009,3.53778154761687,214,62,64.9531474912,341,53,0.5,0.34375,16,11,22,10,#E7F0F8,#FFDCB2,#FFF1E1
120,LSU,3.06659614045816,0.41359065879777,3.48018679925593,110,158,67.2569087001261,257,261,0.411764705882353,0.441176470588235,14,15,14,19,#FFEEDA,#FFFCF9,#FFF2E1
121,Washington,-0.295536038115369,3.74482882543516,3.44929278731979,179,82,69.7559546178643,113,306,0.451612903225806,0.645161290322581,14,20,15,16,#FBFCFD,#FFE7CA,#FFF2E1
122,Samford,3.98810364182597,-0.62685805164197,3.361245590184,98,184,69.2596312735301,137,263,0.607142857142857,0.321428571428571,17,9,18,10,#FFE9CE,#F7FAFC,#FFF2E2
123,Montana State,-0.062154681020979,3.3556301392638,3.29347545824282,173,91,67.8643993536774,218,247,0.454545454545455,0.272727272727273,15,9,23,10,#FEFEFE,#FFEAD0,#FFF2E3
124,Southern Utah,3.5496571950181,-0.367733989589144,3.18192320542896,105,177,72.740392522,16,79,0.470588235294118,0.411764705882353,16,14,20,13,#FFECD4,#FAFCFD,#FFF3E4
125,Loyola Marymount,3.40132650576523,-0.25976601209629,3.14156049366894,106,176,68.6409604010131,174,175,0.5,0.533333333333333,15,16,18,12,#FFECD5,#FBFDFE,#FFF3E4
126,George Mason,-1.4175018826515,4.53767597967874,3.12017409702725,205,72,67.6506677000395,230,126,0.303030303030303,0.363636363636364,10,12,20,13,#EEF4FA,#FFE2BF,#FFF3E4
127,Penn,4.62823204540003,-1.55810421688933,3.0701278285107,82,204,68.1766204977214,198,133,0.517241379310345,0.448275862068966,15,13,16,13,#FFE6C7,#ECF3F9,#FFF3E5
128,Davidson,3.08439662476479,-0.0951979902948427,2.98919863446995,109,171,66.613050576062,288,346,0.387096774193548,0.258064516129032,12,8,15,16,#FFEED9,#FDFEFE,#FFF3E5
129,Duquesne,2.66362448146322,0.218896963125067,2.88252144458829,118,163,69.5305707341425,125,118,0.818181818181818,0.303030303030303,27,10,20,13,#FFF0DE,#FFFDFB,#FFF4E6
130,Ohio,4.40035306827032,-1.68199554105159,2.71835752721873,88,214,69.4189783989943,135,8,0.636363636363636,0.606060606060606,21,20,18,14,#FFE7C9,#EBF2F9,#FFF4E8
131,Eastern Washington,4.89687392423362,-2.26186239481282,2.6350115294208,77,233,69.9031607397429,105,297,0.454545454545455,0.303030303030303,15,10,22,11,#FFE4C3,#E4EEF7,#FFF5E8
132,Notre Dame,3.97405725799821,-1.3738005017386,2.60025675625961,99,198,66.41804485766,296,291,0.4375,0.25,14,8,11,21,#FFE9CF,#EEF5FA,#FFF5E9
133,San Jose State,1.48810776889751,1.09662746023144,2.58473522912894,141,141,64.554826122,349,114,0.571428571428571,0.4,20,14,20,14,#FFF7ED,#FFF8EF,#FFF5E9
134,Richmond,0.775757353539501,1.7675483655325,2.543305719072,160,122,66.5860684225841,291,14,0.454545454545455,0.515151515151515,15,17,15,18,#FFFAF5,#FFF4E6,#FFF5E9
135,Fresno State,0.115743512795555,2.42042537795705,2.53616889075261,169,108,65.619055528,330,103,0.32258064516129,0.516129032258065,10,16,10,20,#FFFEFD,#FFF0DD,#FFF5E9
136,Georgia Tech,0.775310702205547,1.66055654221506,2.43586724442061,161,124,67.81105676429,221,318,0.419354838709677,0.645161290322581,13,20,13,18,#FFFAF5,#FFF4E7,#FFF5EA
137,Fordham,-2.79100361629598,5.0028065563033,2.21180294000733,237,68,70.5925588271867,66,161,0.382352941176471,0.411764705882353,13,14,25,8,#DEEAF5,#FFE0B9,#FFF6EC
138,Cornell,5.52201957144456,-3.63823031593883,1.88378925550573,67,260,72.1008895946,25,167,0.423076923076923,0.423076923076923,11,11,15,11,#FFE1BC,#D4E4F2,#FFF7EF
139,DePaul,2.25906817322199,-0.395627073069467,1.86344110015252,125,179,69.9052626391673,104,154,0.333333333333333,0.636363636363636,11,21,10,23,#FFF2E3,#FAFCFD,#FFF8EF
140,Southern Mississippi,0.0390197137270637,1.76591274449785,1.80493245822491,171,123,69.6910075482593,117,49,0.733333333333333,0.433333333333333,22,13,22,8,#FFFEFE,#FFF4E6,#FFF8EF
141,Georgia,1.01201549554924,0.748674301279607,1.76068979682885,153,152,68.8986041711752,164,25,0.46875,0.46875,15,15,16,16,#FFF9F2,#FFFAF4,#FFF8F0
142,Cal State Fullerton,-0.728896392583065,2.39490798464082,1.66601159205775,194,109,65.8856185541133,318,209,0.28125,0.28125,9,9,18,13,#F6F9FC,#FFF0DD,#FFF8F0
143,Kennesaw State,-0.44080748112418,2.10457179608533,1.66376431496115,183,118,69.7967264830517,110,220,0.375,0.25,12,8,23,9,#F9FBFD,#FFF1E1,#FFF8F0
144,Northern Kentucky,-0.690663017102714,2.26223354053952,1.57157052343681,192,114,63.974205934,356,156,0.515151515151515,0.454545454545455,17,15,20,13,#F6F9FC,#FFF1DF,#FFF9F1
145,Missouri State,-0.474779051214452,2.01746709405957,1.54268804284512,185,121,64.1192442026667,354,222,0.32258064516129,0.387096774193548,10,12,16,15,#F9FBFD,#FFF2E2,#FFF9F1
146,Youngstown State,5.85364602454146,-4.45428119091924,1.39936483362223,61,277,69.0006945122279,158,59,0.875,0.3125,28,10,22,10,#FFDFB8,#CADEEF,#FFF9F3
147,UC Riverside,1.67344593118067,-0.396939133559465,1.2765067976212,136,180,67.9733161278599,206,250,0.5,0.470588235294118,17,16,21,12,#FFF6EA,#FAFCFD,#FFFAF4
148,South Florida,0.461414486899978,0.805825546325285,1.26724003322526,164,151,69.2536851208709,139,360,0.59375,0.28125,19,9,14,18,#FFFCF9,#FFFAF3,#FFFAF4
149,Troy,-1.63920806518723,2.85624459451459,1.21703652932736,211,98,69.0596231862915,154,105,0.366666666666667,0.3,11,9,17,13,#EBF3F9,#FFEDD7,#FFFAF4
150,Stephen F. Austin,-1.07066014316098,2.23063673406517,1.15997659090418,200,117,70.8298319332133,51,199,0.448275862068966,0.413793103448276,13,12,16,13,#F2F7FB,#FFF1DF,#FFFAF5
151,Boston College,-0.504250873418918,1.63985446431509,1.13560359089617,188,126,67.5627353381328,236,320,0.303030303030303,0.727272727272727,10,24,16,17,#F9FBFD,#FFF4E8,#FFFAF5
152,Hawaii,-2.48310418278352,3.60430658059335,1.12120239780983,231,84,65.7333167508,327,282,0.4,0.266666666666667,12,8,21,11,#E1ECF6,#FFE8CC,#FFFAF5
153,Longwood,-0.550980091779051,1.60446428243761,1.05348419065856,189,128,68.2508484683613,192,186,0.566666666666667,0.3,17,9,19,11,#F8FAFD,#FFF5E8,#FFFBF6
154,Lipscomb,1.66319638695967,-0.792550971626554,0.870645415333114,137,187,69.8830315521353,108,159,0.733333333333333,0.3,22,9,17,13,#FFF6EA,#F5F9FC,#FFFBF7
155,Eastern Kentucky,0.938767618662977,-0.195435075044937,0.74333254361804,156,173,70.7807821646533,55,73,0.558823529411765,0.411764705882353,19,14,20,14,#FFF9F3,#FCFDFE,#FFFCF8
156,South Dakota State,1.21997719246657,-0.484549870807204,0.735427321659366,148,182,68.2238259756325,196,92,0.612903225806452,0.612903225806452,19,19,18,13,#FFF8F0,#F9FBFD,#FFFCF8
157,Western Kentucky,-0.152900714051531,0.854155193771945,0.701254479720414,176,150,68.9605206729643,161,157,0.28125,0.625,9,20,15,16,#FDFDFE,#FFF9F3,#FFFCF9
158,Chattanooga,2.88761014798061,-2.44019325966405,0.447416888316565,113,239,69.5713061513723,122,327,0.625,0.40625,20,13,15,17,#FFEFDC,#E2EDF6,#FFFDFB
159,Louisiana Tech,0.387161601425828,-0.0182760097467514,0.368885591679076,165,168,67.858501580031,219,257,0.387096774193548,0.580645161290323,12,18,12,18,#FFFCFA,#FEFEFE,#FFFDFB
160,Navy,-2.15833667908952,2.51599428512556,0.357657606036036,221,104,66.2328191019067,306,351,0.533333333333333,0.2,16,6,17,13,#E5EFF7,#FFEFDB,#FFFDFB
161,UNC Asheville,-0.487306732163998,0.720280741788228,0.23297400962423,187,153,69.46652090856,132,155,0.424242424242424,0.454545454545455,14,15,25,8,#F9FBFD,#FFFAF4,#FFFEFD
162,Wyoming,1.606440621175,-1.38469459719382,0.22174602398119,138,199,67.4551562691135,248,107,0.433333333333333,0.566666666666667,13,17,8,22,#FFF6EB,#EEF4FA,#FFFEFD
163,Portland,4.54320753030399,-4.47495854708325,0.0682489832207409,84,278,70.6083797884867,64,129,0.580645161290323,0.483870967741935,18,15,12,19,#FFE6C8,#CADEEF,#FFFEFE
164,UNC Wilmington,-2.22058142702425,2.27326429477812,0.0526828677538647,223,112,66.69388158364,286,111,0.28125,0.34375,9,11,22,10,#E4EEF7,#FFF0DF,#FFFEFE
165,Quinnipiac,1.02559274698374,-1.09496725268136,-0.0693745056976229,152,192,70.2825424212193,84,225,0.580645161290323,0.225806451612903,18,7,19,12,#FFF9F2,#F2F7FB,#FEFEFE
166,Harvard,-2.84626085357443,2.67669034011127,-0.169570513463153,239,103,67.2327111907997,258,356,0.384615384615385,0.307692307692308,10,8,12,14,#DDEAF5,#FFEED9,#FDFEFE
167,Montana,2.99374621566591,-3.28787540358009,-0.294129187914179,112,253,64.9015923453333,343,205,0.366666666666667,0.266666666666667,11,8,16,14,#FFEFDA,#D8E7F3,#FCFDFE
168,Saint Joseph's,0.690164448790612,-1.06731954624654,-0.377155097455924,162,191,70.0745525030334,94,239,0.363636363636364,0.242424242424242,12,8,16,16,#FFFBF6,#F2F7FB,#FCFDFE
169,Wright State,0.0500907458789751,-0.481841044995729,-0.431750299116754,170,181,72.475484426,17,279,0.548387096774194,0.419354838709677,17,13,16,15,#FFFEFE,#F9FBFD,#FBFDFE
170,Drexel,-3.05865950020881,2.49850190591704,-0.56015759429177,245,105,65.1268820626667,337,18,0.451612903225806,0.354838709677419,14,11,16,15,#DBE8F4,#FFEFDC,#FBFCFD
171,California Baptist,-1.99228590157536,1.29480426638768,-0.697481635187683,215,135,66.0646817210867,314,47,0.387096774193548,0.32258064516129,12,10,15,16,#E7F0F8,#FFF6EC,#FAFBFD
172,SMU,-0.690688049713684,-0.0582152840622365,-0.74890333377592,193,170,70.3496421403497,78,108,0.354838709677419,0.612903225806452,11,19,10,22,#F6F9FC,#FEFEFE,#F9FBFD
173,Florida State,1.34213393300686,-2.15526930895256,-0.813135375945696,144,231,69.6007485698584,120,278,0.3125,0.90625,10,29,9,23,#FFF7EE,#E5EFF7,#F9FBFD
174,Radford,-1.02790661396322,0.182292167223681,-0.845614446739539,199,164,66.0682540166,313,347,0.352941176470588,0.470588235294118,12,16,19,15,#F2F7FB,#FFFDFC,#F9FBFD
175,Seattle,-3.80860668845269,2.90736350598637,-0.901243182466328,264,97,70.3051509015415,80,29,0.241379310344828,0.862068965517241,7,25,18,12,#D2E3F2,#FFEDD6,#F8FBFD
176,Old Dominion,-3.21102313104811,2.26629737199438,-0.944725759053729,250,113,66.921689714264,272,276,0.4,0.333333333333333,12,10,18,12,#D9E7F4,#FFF0DF,#F8FAFD
177,Long Beach State,-1.00982001702752,-0.0207655145557786,-1.0305855315833,198,169,74.1353129466667,2,323,0.451612903225806,0.258064516129032,14,8,15,16,#F3F7FB,#FEFEFE,#F7FAFC
178,Ball State,2.64636508483602,-3.68894785342351,-1.04258276858749,119,261,68.3160502445533,190,283,0.466666666666667,0.433333333333333,14,13,18,12,#FFF0DF,#D3E4F2,#F7FAFC
179,Utah Tech,0.484567627276886,-1.60002708330178,-1.1154594560249,163,206,69.9488930570733,100,137,0.366666666666667,0.366666666666667,11,11,11,19,#FFFCF9,#ECF3F9,#F7FAFC
180,UC Davis,-2.26407951211859,1.1320186273747,-1.13206088474389,224,139,71.7115649166667,34,260,0.533333333333333,0.5,16,15,16,14,#E4EEF7,#FFF8EF,#F7FAFC
181,Brown,-3.84157650773501,2.45768024838977,-1.38389625934524,266,107,70.2865317609792,82,292,0.714285714285714,0.285714285714286,20,8,15,13,#D1E3F1,#FFEFDC,#F5F9FC
182,Bryant,0.819592862009219,-2.38482780296547,-1.56523494095625,157,236,72.4203925153333,19,213,0.642857142857143,0.214285714285714,18,6,15,13,#FFFAF5,#E3EDF6,#F4F8FB
183,Rider,1.4710403557485,-3.04470125633564,-1.57366090058714,142,251,66.2648502891287,305,354,0.413793103448276,0.482758620689655,12,14,15,14,#FFF7ED,#DBE8F4,#F3F8FB
184,Texas A&M-Corpus Christi,1.08401919495589,-2.74782954204379,-1.6638103470879,151,246,70.4976508162833,70,185,0.483870967741935,0.0645161290322581,15,2,20,11,#FFF9F1,#DEEBF5,#F3F7FB
185,Air Force,-0.0863341711327958,-1.6129415623834,-1.69927573351619,174,208,64.255343298,352,138,0.46875,0.40625,15,13,14,18,#FDFEFE,#ECF3F9,#F3F7FB
186,Appalachian State,-3.32966605367604,1.61971237466318,-1.70995367901286,253,127,66.59155721022,290,317,0.379310344827586,0.586206896551724,11,17,13,16,#D7E6F3,#FFF4E8,#F3F7FB
187,Gardner-Webb,-4.66515988899618,2.93993167609433,-1.72522821290186,284,96,67.510178613858,244,315,0.413793103448276,0.275862068965517,12,8,13,16,#C8DDEF,#FFECD5,#F2F7FB
188,Massachusetts,-2.65578586256615,0.914840245791863,-1.74094561677428,234,147,72.0007955106667,26,171,0.548387096774194,0.387096774193548,17,12,15,16,#DFEBF5,#FFF9F2,#F2F7FB
189,Norfolk State,1.99218074788826,-3.76265725488801,-1.77047650699975,130,262,66.483070294238,292,147,0.566666666666667,0.566666666666667,17,17,18,11,#FFF4E6,#D2E3F2,#F2F7FB
190,UTEP,-5.60627041939205,3.83497053134366,-1.7712998880484,301,79,68.7194264989872,173,173,0.333333333333333,0.466666666666667,10,14,12,18,#BDD6EB,#FFE7C9,#F2F7FB
191,North Carolina Central,-4.51369277577659,2.7245276619954,-1.78916511378118,279,101,69.2526168899263,140,81,0.555555555555556,0.703703703703704,15,19,14,12,#C9DEEF,#FFEED8,#F2F7FB
192,Abilene Christian,-0.357626651902125,-1.63316840987157,-1.99079506177369,182,210,70.5089342291867,69,211,0.461538461538462,0.307692307692308,12,8,9,17,#FAFCFD,#EBF3F9,#F1F6FA
193,Cleveland State,-0.329040378045633,-1.71812494048851,-2.04716531853414,180,215,66.72566946772,284,280,0.454545454545455,0.151515151515152,15,5,20,13,#FBFCFD,#EAF2F9,#F0F6FA
194,Siena,-2.36167735153737,0.305468881673022,-2.05620846986435,229,161,67.9060447111869,212,204,0.53125,0.34375,17,11,17,15,#E3EDF6,#FFFDFA,#F0F6FA
195,Saint Bonaventure,-3.71770816069988,1.6498975961415,-2.06781056455839,262,125,66.7840848417733,281,27,0.21875,0.34375,7,11,14,18,#D3E3F2,#FFF4E7,#F0F6FA
196,Texas State,-0.486404556401088,-1.78565119046838,-2.27205574686947,186,218,65.2112829077333,336,335,0.25,0.46875,8,15,14,18,#F9FBFD,#EAF2F8,#EFF5FA
197,Detroit,5.18521110810986,-7.57534652595901,-2.39013541784916,76,335,68.1829790545627,197,80,0.625,0.4375,20,14,13,19,#FFE3C0,#A6C8E5,#EEF4FA
198,East Carolina,-3.59752038445554,1.1779695547043,-2.41955082975123,260,138,69.1549908398402,145,60,0.617647058823529,0.441176470588235,21,15,16,17,#D4E4F2,#FFF7EE,#EEF4FA
199,New Mexico State,-0.279981121600959,-2.14385198158867,-2.42383310318963,178,230,69.937950901916,102,215,0.428571428571429,0.476190476190476,9,10,6,15,#FBFCFE,#E5EFF7,#EEF4FA
200,South Carolina,-1.1914476891058,-1.32232268173044,-2.51377037083623,203,197,65.8701533322,320,342,0.3125,0.71875,10,23,11,21,#F1F6FA,#EFF5FA,#EDF4F9
201,Pacific,0.946510550775109,-3.46360332044487,-2.51709276966976,155,257,71.0706273408,44,332,0.193548387096774,0.580645161290323,6,18,14,17,#FFF9F3,#D6E5F3,#EDF4F9
202,Florida Gulf Coast,-0.471281119405148,-2.08040158546458,-2.55168270486973,184,228,67.7198383743194,225,266,0.419354838709677,0.612903225806452,13,19,16,15,#F9FBFD,#E6EFF7,#EDF3F9
203,Weber State,-3.83888817137352,1.26420092427214,-2.57468724710138,265,136,66.3471682035067,299,200,0.387096774193548,0.612903225806452,12,19,16,15,#D1E3F1,#FFF7ED,#ECF3F9
204,Grambling,-5.95402791974323,3.34783944790661,-2.60618847183662,306,92,68.0119095505825,204,123,0.5625,0.3125,18,10,22,9,#B9D3EA,#FFEAD0,#ECF3F9
205,Tarleton State,-2.981021346985,0.33601781482521,-2.64500353215979,241,159,67.8799646367357,215,10,0.533333333333333,0.233333333333333,16,7,13,17,#DBE9F4,#FFFCFA,#ECF3F9
206,Stetson,4.47217880462014,-7.21748781726066,-2.74530901264052,87,331,66.1642242811,310,191,0.448275862068966,0.310344827586207,13,9,15,14,#FFE7C9,#AACAE6,#EBF3F9
207,Georgetown,-0.337344921503161,-2.47940717185857,-2.81675209336173,181,242,69.996855426952,99,331,0.46875,0.59375,15,19,7,25,#FBFCFD,#E1EDF6,#EBF2F9
208,Saint Thomas (Minn.),1.77450378560947,-4.655041156498,-2.88053737088853,132,285,67.4181075301077,252,9,0.419354838709677,0.451612903225806,13,14,17,14,#FFF5E9,#C8DDEF,#EAF2F9
209,Mercer,-3.95472492456212,1.02899769775369,-2.92572722680844,269,146,65.99709364822,317,227,0.354838709677419,0.483870967741935,11,15,12,19,#D0E2F1,#FFF8F0,#EAF2F9
210,Wofford,4.34915569241765,-7.28097163375188,-2.93181594133424,90,333,66.2030520277933,307,45,0.466666666666667,0.366666666666667,14,11,14,16,#FFE7CA,#A9CAE6,#EAF2F9
211,Minnesota,-1.72738375760585,-1.25941162256477,-2.98679538017061,213,195,67.1831673903493,260,334,0.3125,0.5625,10,18,9,22,#EAF2F9,#F0F5FA,#EAF2F8
212,La Salle,-2.02982938508711,-0.972997249867992,-3.0028266349551,216,190,69.5130481488285,127,353,0.114285714285714,0.428571428571429,4,15,15,19,#E7F0F8,#F3F7FB,#E9F2F8
213,Georgia Southern,-4.10942631053372,1.0544013794415,-3.05502493109222,273,145,67.6141816089864,233,146,0.3,0.5,9,15,14,16,#CEE1F1,#FFF8F0,#E9F1F8
214,Pepperdine,-0.65971910156957,-2.40335786127753,-3.0630769628471,191,237,73.3806437053333,6,77,0.392857142857143,0.357142857142857,11,10,7,22,#F7FAFC,#E2EDF6,#E9F1F8
215,Howard,-1.16474645678543,-1.90636219525902,-3.07110865204445,202,220,70.2856103048867,83,5,0.545454545454545,0.303030303030303,18,10,19,13,#F1F6FB,#E8F1F8,#E9F1F8
216,Loyola Chicago,-1.5322467396384,-1.54927300101839,-3.08151974065679,209,203,67.9404860706296,210,253,0.354838709677419,0.483870967741935,11,15,10,21,#ECF3F9,#ECF3F9,#E9F1F8
217,Northern Iowa,-1.51437916259966,-1.62929070340053,-3.14366986600019,207,209,68.5443572970029,177,252,0.709677419354839,0.354838709677419,22,11,13,18,#EDF3F9,#EBF3F9,#E8F1F8
218,North Dakota State,-1.55243563695862,-1.90456505903536,-3.45700069599398,210,219,69.4870498696627,129,284,0.387096774193548,0.709677419354839,12,22,14,17,#ECF3F9,#E8F1F8,#E6F0F8
219,Queens,0.797506229493603,-4.33015386916598,-3.53264763967237,158,276,71.0608779819933,45,303,0.3,0.533333333333333,9,16,15,15,#FFFAF5,#CCDFF0,#E6EFF7
220,Buffalo,-2.09397964190575,-1.5655260588083,-3.65950570071405,219,205,73.437036382,4,91,0.7,0.333333333333333,21,10,13,17,#E6EFF7,#ECF3F9,#E5EFF7
221,George Washington,2.51437021131674,-6.20666208241842,-3.69229187110167,120,313,69.7626819169805,112,298,0.4,0.633333333333333,12,19,15,16,#FFF1E0,#B6D2E9,#E5EFF7
222,Northwestern State,0.782117600849547,-4.55558463745049,-3.77346703660095,159,280,67.6464596372428,231,183,0.34375,0.28125,11,9,21,11,#FFFAF5,#C9DDEF,#E4EEF7
223,Rice,1.75828373124444,-5.63979254249163,-3.88150881124718,133,305,70.86628445312,49,321,0.545454545454545,0.666666666666667,18,22,16,16,#FFF5E9,#BCD6EB,#E3EEF7
224,Delaware,-1.34578395356723,-2.63635495502179,-3.98213890858902,204,243,68.2383648680489,195,160,0.3125,0.53125,10,17,16,16,#EFF5FA,#E0EBF6,#E3EDF6
225,Western Carolina,-2.33462568551486,-1.75141909294063,-4.08604477845549,227,217,69.0157988698687,156,150,0.193548387096774,0.516129032258065,6,16,15,16,#E3EEF7,#EAF2F9,#E2EDF6
226,Murray State,0.156851009341405,-4.27709378671002,-4.12024277736862,168,274,67.8707689059723,216,26,0.354838709677419,0.612903225806452,11,19,16,15,#FFFEFD,#CCDFF0,#E2EDF6
227,Campbell,-0.130183827948094,-4.12650275791778,-4.25668658586587,175,271,65.6635548294667,328,288,0.4375,0.375,14,12,14,18,#FDFEFE,#CEE1F1,#E1ECF6
228,Jacksonville State,-2.31893163162909,-2.01608586724475,-4.33501749887384,226,225,67.1794211810093,261,232,0.357142857142857,0.607142857142857,10,17,10,18,#E3EEF7,#E7F0F8,#E0ECF6
229,Winthrop,3.81268090490739,-8.21742240041979,-4.4047414955124,100,343,67.7041708236239,227,302,0.3,0.566666666666667,9,17,12,18,#FFEAD1,#9EC3E3,#E0EBF6
230,Army,-0.927997141995469,-3.51431222931627,-4.44230937131174,195,258,68.9975325509328,159,324,0.451612903225806,0.354838709677419,14,11,15,16,#F4F8FB,#D5E5F3,#DFEBF6
231,Northern Colorado,1.57214347520641,-6.15666096516654,-4.58451748996013,139,312,70.618565368104,63,67,0.419354838709677,0.548387096774194,13,17,12,19,#FFF6EC,#B6D2EA,#DEEBF5
232,San Diego,3.33534735527186,-7.94519930763593,-4.60985195236407,107,339,69.6776193667047,119,311,0.482758620689655,0.724137931034483,14,21,9,20,#FFEDD6,#A1C5E4,#DEEBF5
233,Florida International,-3.00317919152946,-1.65236803743054,-4.65554722896,242,211,71.7446122368333,31,178,0.67741935483871,0.580645161290323,21,18,12,18,#DBE9F4,#EBF3F9,#DEEAF5
234,Morehead State,-3.8496399096202,-0.851191053708022,-4.70083096332823,267,188,65.095866724,339,139,0.366666666666667,0.533333333333333,11,16,18,12,#D1E3F1,#F5F8FC,#DEEAF5
235,East Tennessee State,-2.76582293908849,-2.04620625661118,-4.81202919569967,236,226,67.2910139801105,256,348,0.5,0.466666666666667,15,14,10,20,#DEEAF5,#E7F0F8,#DDEAF5
236,UMBC,0.355212173004102,-5.17950713173742,-4.82429495873332,166,294,68.8058195666131,167,144,0.67741935483871,0.548387096774194,21,17,17,14,#FFFDFA,#C2D9ED,#DDEAF5
237,Northern Arizona,1.18967411037447,-6.03700593828625,-4.84733182791178,149,310,68.4710268076653,178,237,0.0909090909090909,0.575757575757576,3,19,10,23,#FFF8F0,#B8D3EA,#DDEAF5
238,Boston University,-3.98159168378265,-0.94136851640563,-4.92296020018828,270,189,66.8545026156507,276,264,0.580645161290323,0.580645161290323,18,18,14,17,#D0E2F1,#F3F8FB,#DCE9F5
239,Jacksonville,-4.62043172295231,-0.378820590042486,-4.9992523129948,282,178,63.270206336,358,277,0.461538461538462,0.423076923076923,12,11,10,16,#C8DDEF,#FAFCFD,#DCE9F4
240,Rhode Island,-6.33723900220301,1.30158751778625,-5.03565148441677,311,134,68.6208629922945,175,313,0.451612903225806,0.387096774193548,14,12,9,22,#B4D0E9,#FFF6EC,#DBE9F4
241,North Florida,2.37853882518331,-7.47531033351741,-5.09677150833411,124,334,69.5252970394067,126,11,0.344827586206897,0.586206896551724,10,17,12,17,#FFF2E2,#A7C8E5,#DBE8F4
242,Oregon State,-5.40756702120098,0.146461220674594,-5.26110580052639,297,166,65.1061664826667,338,193,0.580645161290323,0.548387096774194,18,17,10,21,#BFD7EC,#FFFEFC,#DAE8F4
243,Robert Morris,-5.11506015894388,-0.147893959494362,-5.26295411843824,290,172,67.6812531964253,229,271,0.483870967741935,0.548387096774194,15,17,14,17,#C2D9ED,#FDFDFE,#DAE8F4
244,Fort Wayne,-3.10266659239412,-2.4618080171162,-5.56447460951033,247,241,70.0198223206173,97,341,0.366666666666667,0.466666666666667,11,14,15,15,#DAE8F4,#E2EDF6,#D8E6F3
245,SIU Edwardsville,-4.82464842653252,-0.772567243985208,-5.59721567051772,286,186,70.911613506698,48,290,0.483870967741935,0.580645161290323,15,18,16,14,#C6DBEE,#F5F9FC,#D7E6F3
246,Nicholls State,-4.42161647498152,-1.45626000086824,-5.87787647584977,278,200,71.9159826766667,28,84,0.518518518518518,0.518518518518518,14,14,12,15,#CBDEEF,#EDF4FA,#D5E5F3
247,Milwaukee,-3.76786977524654,-2.23923718917311,-6.00710696441964,263,232,72.9807963866667,12,16,0.483870967741935,0.580645161290323,15,18,19,12,#D2E3F2,#E4EEF7,#D4E4F2
248,Lafayette,-7.22652948707356,1.10618267097148,-6.12034681610208,326,140,64.7154099013333,346,339,0.529411764705882,0.588235294117647,18,20,11,23,#AACAE6,#FFF8EF,#D4E4F2
249,Southeast Missouri State,-2.09350736289292,-4.3085165293057,-6.40202389219863,218,275,72.4288833166667,18,174,0.352941176470588,0.705882352941177,12,24,17,17,#E6EFF7,#CCDFF0,#D2E3F2
250,Canisius,-3.48956290097861,-2.95094308161113,-6.44050598258974,257,248,69.1122934104614,152,198,0.310344827586207,0.724137931034483,9,21,9,20,#D6E5F3,#DCE9F5,#D1E3F1
251,Sacramento State,-3.08659103872544,-3.36212782430852,-6.44871886303396,246,255,64.4090171533333,350,249,0.3,0.5,9,15,12,18,#DAE8F4,#D7E6F3,#D1E3F1
252,Fairleigh Dickinson,1.54463391449615,-8.01035473431218,-6.46572081981602,140,340,69.9004848371513,106,304,0.454545454545455,0.484848484848485,15,16,19,16,#FFF6EC,#A1C4E3,#D1E3F1
253,Northern Illinois,-4.02699376513819,-2.44904950294437,-6.47604326808256,272,240,70.1161322662647,93,259,0.433333333333333,0.6,13,18,12,18,#CFE1F1,#E2EDF6,#D1E2F1
254,Niagara,-2.71945480810834,-3.77974250385927,-6.49919731196762,235,264,64.1540683926667,353,152,0.290322580645161,0.225806451612903,9,7,15,15,#DFEBF5,#D2E3F2,#D1E2F1
255,South Carolina Upstate,-6.06215087304005,-0.699457726776033,-6.76160859981608,309,185,69.1342864366619,147,61,0.3,0.433333333333333,9,13,14,16,#B7D2EA,#F6F9FC,#CFE1F1
256,Bellarmine,-1.52273636006125,-5.3330448338711,-6.85578119393235,208,297,63.8769350713333,357,301,0.266666666666667,0.633333333333333,8,19,12,18,#EDF3F9,#C0D8EC,#CFE1F1
257,American,-3.13242677777289,-3.80933689448524,-6.94176367225813,248,265,64.2819863853333,351,314,0.21875,0.5625,7,18,17,15,#DAE8F4,#D2E3F2,#CEE0F0
258,Fairfield,-5.33141970692986,-1.65386007380853,-6.98527978073839,293,212,66.4353151994733,295,240,0.3,0.4,9,12,12,18,#C0D8EC,#EBF3F9,#CEE0F0
259,Dartmouth,-5.0924973763104,-1.94072059108701,-7.03321796739741,289,222,70.2730976149027,85,267,0.461538461538462,0.653846153846154,12,17,8,18,#C3D9ED,#E8F0F8,#CDE0F0
260,Maryland-Eastern Shore,-10.2947073980398,3.23706203763843,-7.0576453604014,347,94,70.323429208064,79,289,0.642857142857143,0.857142857142857,18,24,14,13,#86B4DC,#FFEAD1,#CDE0F0
261,Portland State,-3.19587105079661,-4.05960436846265,-7.25547541925926,249,269,73.2049342573333,9,328,0.366666666666667,0.533333333333333,11,16,10,19,#D9E7F4,#CFE1F1,#CCDFF0
262,Tennessee-Martin,-2.34542309026572,-4.94969042488795,-7.29511351515367,228,287,71.9723399113333,27,214,0.586206896551724,0.379310344827586,17,11,15,14,#E3EDF7,#C4DBEE,#CBDFF0
263,Oakland,-0.256150977134382,-7.07148695877536,-7.32763793590974,177,326,68.9431739539025,163,343,0.387096774193548,0.741935483870968,12,23,12,19,#FBFDFE,#ACCBE7,#CBDFF0
264,Lehigh,-5.42327810981853,-2.00598476393717,-7.4292628737557,298,224,70.412069363832,72,251,0.5,0.785714285714286,14,22,14,14,#BFD7EC,#E7F0F8,#CBDEEF
265,Illinois State,-3.6737684803165,-3.76471040841644,-7.43847888873294,261,263,66.3625250682733,298,233,0.25,0.34375,8,11,11,21,#D3E4F2,#D2E3F2,#CADEEF
266,Mount St. Mary's,-7.30225540853709,-0.259428843564775,-7.56168425210187,327,175,67.8672930496184,217,349,0.28125,0.5,9,16,12,20,#A9C9E6,#FBFDFE,#CADEEF
267,Southern,-7.14554916691098,-0.487908227989872,-7.63345739490085,325,183,71.7269598091333,33,33,0.5,0.533333333333333,15,16,13,17,#ABCBE6,#F9FBFD,#C9DDEF
268,Alcorn State,-3.48211622215774,-4.26646706499005,-7.74858328714779,256,273,68.1372764561599,201,305,0.5,0.53125,16,17,18,14,#D6E5F3,#CCE0F0,#C8DDEF
269,Tennessee State,-2.61612939488653,-5.14380003453605,-7.75992942942258,232,292,71.3255092110667,40,51,0.5,0.464285714285714,14,13,14,14,#E0EBF6,#C2D9ED,#C8DDEF
270,Miami (Ohio),-1.10434420710768,-6.76919225057969,-7.87353645768737,201,322,67.9256201589707,211,245,0.206896551724138,0.448275862068966,6,13,9,20,#F2F6FB,#AFCDE8,#C7DCEF
271,Northeastern,-4.87641051163459,-3.01672124621673,-7.89313175785132,287,250,68.3558463231042,188,177,0.166666666666667,0.466666666666667,5,14,10,20,#C5DBEE,#DBE9F4,#C7DCEF
272,Prairie View,-8.83012201226013,0.701265386041345,-8.12885662621878,338,154,68.773001846926,168,141,0.266666666666667,0.533333333333333,8,16,11,19,#97BEE1,#FFFAF5,#C6DBEE
273,UT Arlington,-5.816855757763,-2.40575495219009,-8.22261070995309,304,238,66.7609296401785,283,254,0.379310344827586,0.551724137931034,11,16,8,21,#BAD4EB,#E2EDF6,#C5DBEE
274,Southeastern Louisiana,-2.39163611129192,-5.84257729609595,-8.23421340738787,230,308,70.2456842688928,89,359,0.482758620689655,0.551724137931034,14,16,15,14,#E2EDF6,#BAD4EB,#C5DBEE
275,Valparaiso,-5.23761181285538,-3.04938250701438,-8.28699431986977,292,252,68.7657051567943,169,196,0.290322580645161,0.838709677419355,9,26,10,21,#C1D8ED,#DBE8F4,#C4DBEE
276,Merrimack,-11.1340080544121,2.72274046685683,-8.41126758755524,354,102,66.942271412614,271,330,0.419354838709677,0.741935483870968,13,23,16,16,#7CAED9,#FFEED8,#C4DAED
277,Maine,-5.77237706236353,-2.70139807359232,-8.47377513595585,303,244,66.8996337146253,274,22,0.428571428571429,0.607142857142857,12,17,11,17,#BBD5EB,#DFEBF5,#C3DAED
278,Georgia State,-4.99290332371482,-3.54730802425697,-8.5402113479718,288,259,67.7503839548711,224,35,0.357142857142857,0.392857142857143,10,11,7,21,#C4DAEE,#D5E5F2,#C3DAED
279,Louisville,-3.46058240734385,-5.08708464055437,-8.54766704789822,255,290,68.0485329991573,203,122,0.28125,0.84375,9,27,4,28,#D6E5F3,#C3DAED,#C3D9ED
280,Idaho State,-3.43264194998185,-5.12660744215195,-8.55924939213379,254,291,66.3847212484553,297,86,0.4,0.333333333333333,12,10,9,21,#D6E6F3,#C2D9ED,#C3D9ED
281,Bowling Green,-1.44180843183825,-7.16874918637907,-8.61055761821732,206,329,70.7194658131673,59,113,0.413793103448276,0.586206896551724,12,17,9,20,#EEF4FA,#AACBE6,#C2D9ED
282,South Dakota,-0.992637449984345,-7.63779278946062,-8.63043023944496,196,336,67.5537222165871,237,15,0.413793103448276,0.655172413793103,12,19,10,19,#F3F7FB,#A5C7E5,#C2D9ED
283,Bucknell,-4.39359514652447,-4.25691074742669,-8.65050589395116,277,272,67.8375309527461,220,180,0.354838709677419,0.451612903225806,11,14,11,20,#CBDFF0,#CDE0F0,#C2D9ED
284,New Hampshire,-7.07714146835021,-1.68180696355764,-8.75894843190785,323,213,65.8056133863533,325,7,0.214285714285714,0.571428571428571,6,16,13,15,#ABCBE6,#EBF2F9,#C1D9ED
285,UC San Diego,-2.62949957342663,-6.25125219010597,-8.8807517635326,233,314,67.4436822660369,249,361,0.214285714285714,0.642857142857143,6,18,8,20,#E0EBF6,#B5D1E9,#C0D8ED
286,Tennessee Tech,-3.5900761616573,-5.29386346410504,-8.88393962576234,259,296,67.8927284622996,214,68,0.366666666666667,0.633333333333333,11,19,13,17,#D4E4F2,#C0D8ED,#C0D8ED
287,Saint Peter's,-6.80750341463886,-2.08772601761529,-8.89522943225414,319,229,64.5598492953333,348,76,0.258064516129032,0.67741935483871,8,21,13,17,#AFCDE7,#E6EFF7,#C0D8ED
288,Binghamton,-5.45871663777172,-3.43731943953452,-8.89603607730624,299,256,67.6395950046093,232,219,0.344827586206897,0.379310344827586,10,11,11,18,#BED7EC,#D6E6F3,#C0D8ED
289,North Alabama,-4.33868761256548,-4.58032673758079,-8.91901435014627,276,281,69.9396543824327,101,151,0.387096774193548,0.580645161290323,12,18,15,15,#CCDFF0,#C9DDEF,#C0D8EC
290,Louisiana-Monroe,-6.35530209151006,-2.70449211817219,-9.05979420968224,312,245,67.5674538685233,234,234,0.310344827586207,0.931034482758621,9,27,8,21,#B4D0E9,#DFEBF5,#BFD7EC
291,Marist,-6.80394927972916,-2.26309819554772,-9.06704747527689,318,234,66.7924152196133,280,352,0.303030303030303,0.606060606060606,10,20,12,20,#AFCDE7,#E4EEF7,#BFD7EC
292,California,-7.79903960156337,-1.31524650448232,-9.11428610604569,330,196,64.90870925,342,143,0.212121212121212,0.727272727272727,7,24,3,29,#A3C6E4,#EFF5FA,#BFD7EC
293,Wagner,-7.97637274021855,-1.19657307871269,-9.17294581893124,332,194,63.2518489666667,359,262,0.115384615384615,0.5,3,13,13,13,#A1C5E3,#F0F6FA,#BED7EC
294,North Dakota,-2.13990947761549,-7.05446735268374,-9.19437683029923,220,325,68.4261336438902,182,170,0.225806451612903,0.516129032258065,7,16,11,20,#E5EFF7,#ACCBE7,#BED7EC
295,Western Illinois,-3.88322660930175,-5.3434917685715,-9.22671837787325,268,298,68.4018735008645,185,110,0.37037037037037,0.592592592592593,10,16,13,14,#D1E2F1,#C0D8EC,#BED7EC
296,Southern Indiana,-2.06164364101092,-7.17505325848792,-9.23669689949883,217,330,70.3697976524333,77,229,0.466666666666667,0.4,14,12,13,17,#E6F0F7,#AACAE6,#BED7EC
297,UTSA,-3.05407511374733,-6.47380447791844,-9.52787959166578,244,317,70.213971182014,91,218,0.333333333333333,0.7,10,21,8,22,#DBE8F4,#B3D0E9,#BCD5EB
298,Manhattan,-6.77982930034531,-2.81079782277162,-9.59062712311693,317,247,68.2527479162495,191,362,0.551724137931034,0.517241379310345,16,15,11,18,#AFCDE7,#DEEAF5,#BBD5EB
299,Arkansas State,-4.63533255194366,-4.98526743175248,-9.62059998369614,283,288,64.874463782,344,207,0.3,0.5,9,15,10,20,#C8DDEF,#C4DAEE,#BBD5EB
300,Charleston Southern,-0.623592193142653,-9.0021091309567,-9.62570132409936,190,353,67.0918721420247,264,116,0.310344827586207,0.620689655172414,9,18,8,21,#F7FAFC,#95BDE0,#BBD5EB
301,Loyola Maryland,-3.5475625377269,-6.11510825991355,-9.66267079764045,258,311,66.8849505519113,275,149,0.451612903225806,0.516129032258065,14,16,11,20,#D5E5F2,#B7D2EA,#BBD5EB
302,Illinois-Chicago,-6.67809877712337,-3.00293558892022,-9.68103436604359,314,249,70.4106034223867,73,145,0.129032258064516,0.548387096774194,4,17,11,20,#B0CEE8,#DBE9F4,#BBD5EB
303,Texas-Rio Grande Valley,-3.23485629821086,-6.4886845102631,-9.72354080847395,251,318,73.241364628,8,87,0.5,0.321428571428571,14,9,11,17,#D8E7F4,#B2CFE9,#BAD4EB
304,Denver,-4.56486945008669,-5.38623787030777,-9.95110732039446,281,302,69.7838198823285,111,50,0.366666666666667,0.566666666666667,11,17,13,17,#C9DDEF,#BFD7EC,#B9D3EA
305,Texas Southern,-8.45710346384362,-1.60221848374951,-10.0593219475931,335,207,70.55484007138,68,308,0.588235294117647,0.588235294117647,20,20,12,21,#9BC1E2,#ECF3F9,#B8D3EA
306,High Point,-4.70645929484941,-5.37522972076121,-10.0816890156106,285,300,72.4140325746667,21,13,0.379310344827586,0.586206896551724,11,17,12,17,#C7DCEF,#BFD8EC,#B8D3EA
307,Sacred Heart,-5.84393632175203,-4.52412204527621,-10.3680583670282,305,279,70.9956140939333,46,340,0.3125,0.5,10,16,15,17,#BAD4EB,#C9DEEF,#B6D2EA
308,Chicago State,-3.30368897301088,-7.16331993013001,-10.4670089031409,252,328,66.836789346174,278,38,0.357142857142857,0.678571428571429,10,19,7,20,#D8E6F3,#ABCBE6,#B5D1E9
309,Coastal Carolina,-2.20825577941327,-8.38931848165824,-10.5975742610715,222,346,69.1247093340629,151,74,0.321428571428571,0.535714285714286,9,15,8,20,#E5EEF7,#9CC2E2,#B4D1E9
310,Cal State Bakersfield,-9.4694839796885,-1.14084858152291,-10.6103325612114,342,193,64.829711808,345,172,0.258064516129032,0.580645161290323,8,18,9,22,#8FBADE,#F1F6FB,#B4D1E9
311,Cal Poly,-10.8129264963731,0.159877582413351,-10.6530489139597,350,165,65.8827929538,319,295,0.387096774193548,0.451612903225806,12,14,6,25,#7FB0DA,#FFFEFC,#B4D0E9
312,William & Mary,-4.15298172601394,-6.56633320807186,-10.7193149340858,274,319,66.3101981375733,302,20,0.290322580645161,0.516129032258065,9,16,11,20,#CEE0F0,#B2CFE8,#B3D0E9
313,Tulsa,-5.64090606579522,-5.40656388054009,-11.0474699463353,302,304,69.4823945164483,131,99,0.4,1.1,12,33,5,25,#BCD6EB,#BFD7EC,#B1CFE8
314,Texas A&M-Commerce,-2.95250078563314,-8.20303117511088,-11.155531960744,240,342,66.9783177370712,269,319,0.375,0.375,12,12,12,20,#DCE9F4,#9EC3E3,#B0CEE8
315,Stonehill,-9.03054176472548,-2.27377494810768,-11.3043167128332,339,235,68.3936863772791,186,242,0.333333333333333,0.366666666666667,10,11,13,17,#94BDE0,#E4EEF7,#AFCEE8
316,Jackson State,-6.72861808089019,-4.62569901848214,-11.3543170993723,316,283,69.1516598323509,146,357,0.294117647058824,0.558823529411765,10,19,14,19,#AFCEE8,#C8DDEF,#AFCDE8
317,Saint Francis (PA),-2.30578127528655,-9.20212126217452,-11.5079025374611,225,354,69.2916776608371,136,36,0.344827586206897,0.413793103448276,10,12,11,18,#E3EEF7,#93BCDF,#AECDE7
318,Stony Brook,-7.66009636214734,-3.8678835671696,-11.5279799293169,328,266,65.6224734396667,329,184,0.193548387096774,0.806451612903226,6,25,9,22,#A5C7E4,#D1E2F1,#AECDE7
319,Arkansas-Little Rock,-3.00414382869986,-8.76038867926479,-11.7645325079647,243,351,71.7804383333333,30,132,0.413793103448276,0.689655172413793,12,20,8,21,#DBE9F4,#98BFE1,#ACCCE7
320,Alabama A&M,-9.8761374828361,-2.07194719810535,-11.9480846809414,344,227,70.0661011646787,95,164,0.354838709677419,0.709677419354839,11,22,12,18,#8AB7DD,#E6EFF7,#ABCBE6
321,Austin Peay,-6.31386409504905,-5.66210014699064,-11.9759642420397,310,306,66.3416519529,300,30,0.607142857142857,0.714285714285714,17,20,6,22,#B4D1E9,#BCD5EB,#ABCBE6
322,NJIT,-5.34180444366875,-6.665959924653,-12.0077643683217,294,321,67.1693793647927,263,55,0.310344827586207,0.758620689655172,9,22,6,23,#C0D8EC,#B0CEE8,#AACBE6
323,Idaho,-3.9934875432587,-8.01717130072761,-12.0106588439863,271,341,67.4744021883078,246,307,0.133333333333333,0.633333333333333,4,19,8,22,#D0E1F1,#A1C4E3,#AACBE6
324,North Carolina A&T,-7.07776040126132,-5.23445918759118,-12.3122195888525,324,295,70.9658506489333,47,165,0.551724137931034,0.620689655172414,16,18,10,19,#ABCBE6,#C1D9ED,#A8C9E6
325,Monmouth,-9.09445006678186,-3.32154610947305,-12.4159961762549,340,254,69.535707664366,124,275,0.303030303030303,0.848484848484849,10,28,7,26,#94BCE0,#D8E6F3,#A8C9E5
326,Morgan State,-10.7626748486081,-1.9674914971311,-12.7301663457392,348,223,72.2588184226667,23,206,0.37037037037037,0.444444444444444,10,12,11,16,#80B0DA,#E7F0F8,#A5C7E5
327,Omaha,-5.55465682217725,-7.25259679391637,-12.8072536160936,300,332,69.1308380541027,149,135,0.451612903225806,0.548387096774194,14,17,8,23,#BDD6EC,#A9CAE6,#A5C7E5
328,The Citadel,-6.02801304006063,-6.82230578032383,-12.8503188203845,308,323,68.4634349347018,179,269,0.354838709677419,0.548387096774194,11,17,9,22,#B8D3EA,#AFCDE7,#A5C7E5
329,Central Connecticut,-6.83610350471055,-6.26478652996168,-13.1008900346722,321,316,66.0082856265333,316,72,0.264705882352941,0.588235294117647,9,20,11,23,#AECDE7,#B5D1E9,#A3C6E4
330,New Orleans,-5.39453366382228,-7.81452759869147,-13.2090612625138,295,338,71.669367808,35,231,0.333333333333333,0.6,10,18,10,20,#BFD7EC,#A3C6E4,#A2C5E4
331,Eastern Michigan,-4.28823076011083,-8.97010774780006,-13.2583385079109,275,352,70.2984392690383,81,273,0.0333333333333333,0.433333333333333,1,13,7,23,#CCDFF0,#95BDE0,#A2C5E4
332,Western Michigan,-2.84056709523291,-10.4601444254889,-13.3007115207218,238,359,66.9775270989537,270,248,0.25,0.428571428571429,7,12,5,23,#DDEAF5,#84B3DB,#A1C5E4
333,Elon,-8.11278316816211,-5.35370925359415,-13.4664924217563,333,299,68.152021099934,200,326,0.2,0.733333333333333,6,22,6,24,#9FC4E3,#C0D8EC,#A0C4E3
334,Albany,-5.15496980736805,-8.38581005527442,-13.5407798626425,291,345,68.3739166306108,187,104,0.3,0.666666666666667,9,20,6,23,#C2D9ED,#9CC2E2,#A0C4E3
335,Holy Cross,-8.60677124267058,-5.17312179281716,-13.7798930354877,336,293,69.7539202253093,114,344,0.333333333333333,0.633333333333333,10,19,8,22,#99C0E1,#C2D9ED,#9EC3E3
336,Missouri-Kansas City,-9.81626304922315,-4.06036807558824,-13.8766311248114,343,270,65.4049331978,333,112,0.233333333333333,0.366666666666667,7,11,10,20,#8BB7DD,#CFE1F1,#9DC2E2
337,Presbyterian,-9.9199000485915,-4.64505239170581,-14.5649524402973,346,284,66.1813738638267,309,37,0.233333333333333,0.466666666666667,7,14,3,27,#8AB6DD,#C8DDEF,#99BFE1
338,McNeese State,-6.00891407015592,-8.56829005397122,-14.5772041241271,307,350,67.5298230758526,241,336,0.303030303030303,0.727272727272727,10,24,10,23,#B8D3EA,#9AC0E1,#98BFE1
339,Central Michigan,-10.8329347298375,-4.0086318475991,-14.8415665774366,351,268,69.0369318101993,155,286,0.413793103448276,0.827586206896552,12,24,8,21,#7FB0DA,#D0E1F1,#97BEE0
340,Central Arkansas,-6.36330833478345,-8.54561290744936,-14.9089212422328,313,349,72.9491173326667,13,223,0.233333333333333,0.966666666666667,7,29,8,22,#B4D0E9,#9AC1E2,#96BEE0
341,Coppin State,-6.71898616836615,-8.21943079320121,-14.9384169615674,315,344,72.8295790406667,14,310,0.375,0.78125,12,25,9,23,#B0CEE8,#9EC3E3,#96BEE0
342,Columbia,-8.72450241684435,-6.25300539421575,-14.9775078110601,337,315,71.0824517301433,43,300,0.185185185185185,1,5,27,5,22,#98BFE1,#B5D1E9,#96BEE0
343,Cal State Northridge,-9.89921024038107,-5.40587627249744,-15.3050865128785,345,303,66.7735687937333,282,153,0.266666666666667,0.566666666666667,8,17,5,25,#8AB7DD,#BFD7EC,#93BCE0
344,Arkansas-Pine Bluff,-10.9428180230544,-4.58795786016924,-15.5307758832236,353,282,70.56652883732,67,166,0.444444444444444,0.814814814814815,12,22,6,21,#7EAFD9,#C9DDEF,#92BBDF
345,Lindenwood,-8.38962981651111,-7.14636518021128,-15.5359949967224,334,327,68.4543891973397,180,58,0.413793103448276,0.586206896551724,12,17,8,21,#9CC2E2,#ABCBE6,#92BBDF
346,Incarnate Word,-7.84252452454058,-7.6951808316971,-15.5377053562377,331,337,68.2432381519603,193,226,0.321428571428571,0.571428571428571,9,16,9,19,#A2C6E4,#A4C7E4,#92BBDF
347,Hampton,-7.04848043123667,-8.49402674173774,-15.5425071729744,322,347,70.264127678136,86,190,0.34375,0.65625,11,21,8,24,#ACCBE7,#9BC1E2,#92BBDF
348,Saint Francis (NY),-11.4191681962953,-4.89977402727945,-16.3189422235748,355,286,67.1871822822277,259,210,0.296296296296296,0.740740740740741,8,20,12,16,#78ACD8,#C5DBEE,#8CB8DD
349,Bethune-Cookman,-7.78422269607709,-8.54354838174591,-16.327771077823,329,348,70.0104988077013,98,42,0.166666666666667,0.833333333333333,5,25,10,20,#A3C6E4,#9AC1E2,#8CB8DD
350,Alabama State,-10.7809763639392,-5.71371946107409,-16.4946958250133,349,307,68.0554441496928,202,88,0.233333333333333,0.8,7,24,8,22,#80B0DA,#BCD5EB,#8BB7DD
351,Evansville,-11.6591638623448,-4.99921341757293,-16.6583772799178,357,289,70.7185955263467,60,124,0.40625,0.84375,13,27,5,27,#76AAD7,#C4DAEE,#8AB6DD
352,Eastern Illinois,-11.465959075173,-5.37962350030161,-16.8455825754746,356,301,69.2567935348083,138,345,0.206896551724138,0.482758620689655,6,14,7,22,#78ABD8,#BFD7EC,#89B6DC
353,South Carolina State,-6.82561503577425,-10.346703758662,-17.1723187944363,320,358,72.81753553,15,83,0.2,0.866666666666667,6,26,4,26,#AECDE7,#85B3DB,#86B4DC
354,VMI,-5.40286990962087,-11.8775255996802,-17.280395509301,296,361,67.6869811784719,228,325,0.206896551724138,0.793103448275862,6,23,4,25,#BFD7EC,#73A8D6,#86B4DC
355,Houston Christian,-4.52093036189632,-14.2590955290512,-18.7800258909475,280,363,71.5074294128667,37,136,0.166666666666667,0.666666666666667,5,20,7,22,#C9DEEF,#5797CE,#7BADD9
356,Mississippi Valley State,-12.7311085072959,-6.65877190143344,-19.3898804087293,359,320,69.2398970535259,141,57,0.15625,0.65625,5,21,5,27,#69A2D3,#B0CEE8,#77ABD7
357,Delaware State,-12.8698775293177,-7.01531362540645,-19.8851911547241,360,324,69.1747785330096,143,212,0.357142857142857,0.714285714285714,10,20,5,23,#67A1D3,#ACCCE7,#73A8D6
358,Florida A&M,-14.0225890058635,-5.87277780853545,-19.895366814399,362,309,66.4654863473173,293,203,0.222222222222222,0.888888888888889,6,24,4,23,#5A99CF,#BAD4EB,#73A8D6
359,Lamar,-10.8932684547229,-10.0999155741873,-20.9931840289101,352,356,67.3228305254411,254,272,0.25,0.607142857142857,7,17,6,22,#7FAFDA,#88B5DC,#6CA4D4
360,IUPUI,-9.22743406516524,-12.2510523927239,-21.4784864578891,341,362,68.4043006438076,184,236,0.133333333333333,0.666666666666667,4,20,3,27,#92BBDF,#6FA6D5,#68A2D3
361,Hartford,-11.9512092590618,-11.3499307209488,-23.3011399800107,358,360,66.8403027506023,277,82,0.2,0.68,5,17,2,23,#72A8D6,#79ACD8,#5B9ACF
362,Long Island,-14.2246776719083,-9.57038959821429,-23.7950672701226,363,355,73.2757771873333,7,244,0.107142857142857,0.928571428571429,3,26,1,27,#5797CE,#8EB9DE,#5897CE
363,Green Bay,-13.9939649926448,-10.2235566035092,-24.217521596154,361,357,66.7997060900733,279,296,0.0625,0.96875,2,31,3,29,#5A99CF,#87B4DC,#5596CE
