TEAM,ADJ_SQ,O_SQ,D_SQ,RIM_AND_3_RATE,YEAR
Gonzaga,0.4,1.29,0.89,0.8554707379,2021
Baylor,0.35,1.23,0.87,0.8038176034,2021
Iowa,0.3,1.29,0.99,0.7848036716,2021
Illinois,0.3,1.19,0.89,0.7833974711,2021
Tennessee,0.3,1.14,0.84,0.7067524116,2021
Michigan,0.29,1.2,0.91,0.7678347935,2021
Colorado,0.28,1.18,0.9,0.7290748899,2021
Creighton,0.27,1.19,0.92,0.813104189,2021
Villanova,0.25,1.19,0.94,0.801384083,2021
Virginia,0.25,1.15,0.91,0.766214178,2021
Penn St.,0.25,1.19,0.94,0.7567221511,2021
Houston,0.25,1.21,0.96,0.7161874334,2021
Virginia Tech,0.24,1.17,0.93,0.7879032258,2021
Arkansas,0.24,1.15,0.91,0.7667793337,2021
San Diego St.,0.24,1.14,0.9,0.7355425601,2021
USC,0.24,1.19,0.96,0.7047470005,2021
Connecticut,0.23,1.18,0.95,0.757925072,2021
Wisconsin,0.23,1.14,0.9,0.7275747508,2021
Arizona,0.23,1.18,0.96,0.7231903485,2021
Texas Tech,0.23,1.13,0.91,0.7129186603,2021
West Virginia,0.23,1.2,0.97,0.6965978806,2021
Texas,0.22,1.17,0.95,0.8228829994,2021
Loyola Chicago,0.22,1.12,0.9,0.8217105263,2021
Oklahoma,0.22,1.19,0.96,0.7509202454,2021
LSU,0.22,1.21,0.98,0.7454744926,2021
Alabama,0.21,1.13,0.92,0.9228235294,2021
Memphis,0.21,1.07,0.86,0.7886815172,2021
Purdue,0.21,1.15,0.94,0.7764558547,2021
North Carolina,0.21,1.13,0.93,0.7185104053,2021
UCLA,0.21,1.18,0.96,0.6641509434,2021
Georgia Tech,0.2,1.14,0.93,0.7772637145,2021
Duke,0.2,1.16,0.95,0.7748478702,2021
Kansas,0.2,1.13,0.93,0.7741566609,2021
Ohio St.,0.2,1.2,1.0,0.7530795073,2021
Oregon,0.19,1.14,0.95,0.7966101695,2021
Utah,0.19,1.14,0.95,0.7811158798,2021
Saint Louis,0.19,1.11,0.92,0.7462568952,2021
Oregon St.,0.19,1.17,0.98,0.7105855856,2021
Michigan St.,0.19,1.14,0.95,0.674617737,2021
Seton Hall,0.18,1.11,0.93,0.8196721311,2021
Maryland,0.18,1.11,0.92,0.7896399242,2021
Florida St.,0.18,1.12,0.95,0.7734428474,2021
BYU,0.18,1.13,0.96,0.7553675992,2021
Kentucky,0.18,1.09,0.91,0.6788617886,2021
Butler,0.17,1.1,0.93,0.7717157215,2021
Rutgers,0.17,1.1,0.93,0.76937046,2021
Utah St.,0.17,1.07,0.89,0.7622169249,2021
Mississippi St.,0.17,1.09,0.92,0.7015005359,2021
Mississippi,0.17,1.06,0.89,0.6893509767,2021
Colgate,0.16,1.18,1.03,0.8646766169,2021
Indiana,0.16,1.08,0.92,0.7801324503,2021
Clemson,0.16,1.06,0.89,0.7588813303,2021
Minnesota,0.16,1.14,0.98,0.737458194,2021
Oklahoma St.,0.15,1.1,0.95,0.8353932584,2021
Wichita St.,0.15,1.14,0.98,0.8011894647,2021
Richmond,0.15,1.13,0.98,0.7619047619,2021
N.C. State,0.15,1.1,0.95,0.7557894737,2021
Xavier,0.15,1.12,0.97,0.7509727626,2021
Florida,0.15,1.13,0.97,0.7434257285,2021
Syracuse,0.15,1.15,0.99,0.7229488704,2021
Arizona St.,0.15,1.13,0.98,0.7062706271,2021
Missouri,0.14,1.08,0.94,0.8403473614,2021
Stanford,0.14,1.07,0.92,0.8151950719,2021
Notre Dame,0.14,1.1,0.96,0.8018931711,2021
Auburn,0.13,1.11,0.97,0.85995086,2021
Davidson,0.13,1.13,1.01,0.8448125545,2021
Providence,0.13,1.1,0.97,0.7560497057,2021
UC Santa Barbara,0.13,1.07,0.93,0.7525179856,2021
St. John's,0.13,1.1,0.96,0.748853211,2021
Drake,0.13,1.13,1.0,0.7152698048,2021
Louisville,0.13,1.12,1.0,0.6989528796,2021
VCU,0.12,1.06,0.94,0.8534246575,2021
St. Bonaventure,0.12,1.13,1.0,0.7745098039,2021
California,0.12,1.1,0.98,0.7518644068,2021
Western Kentucky,0.12,1.08,0.96,0.7510703364,2021
Northwestern,0.12,1.06,0.94,0.7269984917,2021
Colorado St.,0.11,1.09,0.98,0.837890625,2021
Pittsburgh,0.11,1.11,1.0,0.7763055339,2021
Boise St.,0.11,1.06,0.95,0.7366071429,2021
Georgetown,0.11,1.09,0.97,0.7192636423,2021
San Francisco,0.1,1.07,0.97,0.868473232,2021
Georgia,0.1,1.06,0.97,0.8588082902,2021
Vanderbilt,0.1,1.06,0.97,0.8460451977,2021
Saint Mary's,0.1,1.06,0.96,0.8406015038,2021
Massachusetts,0.1,1.11,1.01,0.8184782609,2021
SMU,0.1,1.07,0.97,0.8128128128,2021
North Texas,0.1,1.05,0.95,0.7456687457,2021
Marquette,0.09,1.08,0.99,0.7506738544,2021
Loyola Marymount,0.08,1.06,0.98,0.8448125545,2021
Boston College,0.08,1.06,0.98,0.8364249578,2021
Nebraska,0.08,1.06,0.97,0.8339869281,2021
Toledo,0.08,1.15,1.07,0.8320855615,2021
Cincinnati,0.08,1.04,0.96,0.8259895444,2021
Dayton,0.08,1.05,0.97,0.8153225806,2021
UCF,0.08,1.07,0.99,0.7670364501,2021
Pacific,0.08,1.04,0.96,0.7504873294,2021
UAB,0.08,1.02,0.94,0.6869943995,2021
East Carolina,0.08,1.07,0.99,0.6663424125,2021
UC Irvine,0.08,1.02,0.94,0.6507503411,2021
Akron,0.07,1.09,1.03,0.8431372549,2021
Temple,0.07,1.02,0.95,0.7258064516,2021
Pepperdine,0.07,1.07,1.0,0.703030303,2021
Ohio,0.06,1.08,1.02,0.8344827586,2021
Tulsa,0.06,1.01,0.96,0.8226890756,2021
Washington St.,0.06,1.01,0.95,0.8141650422,2021
Louisiana Tech,0.06,1.0,0.95,0.8119419643,2021
Rhode Island,0.06,1.06,1.0,0.7987465181,2021
Kansas St.,0.06,1.03,0.97,0.7917485265,2021
Missouri St.,0.06,1.08,1.02,0.787654321,2021
Winthrop,0.06,1.05,1.0,0.7486910995,2021
George Mason,0.06,1.02,0.95,0.7428571429,2021
Nevada,0.06,1.05,0.99,0.7346348518,2021
South Carolina,0.06,1.01,0.95,0.7258064516,2021
Belmont,0.05,1.06,1.01,0.8856981982,2021
Liberty,0.05,1.06,1.02,0.8581925055,2021
Grand Canyon,0.05,1.05,0.99,0.7829059829,2021
Duquesne,0.05,1.06,1.01,0.775,2021
UNC Greensboro,0.05,1.06,1.01,0.770609319,2021
Miami FL,0.05,1.05,1.0,0.7559055118,2021
Marshall,0.05,1.05,1.01,0.7550724638,2021
UNLV,0.05,1.04,0.99,0.7368421053,2021
Navy,0.05,1.05,1.0,0.6925287356,2021
UTSA,0.05,1.07,1.02,0.6906628653,2021
Furman,0.04,1.1,1.07,0.9019157088,2021
Buffalo,0.04,1.04,1.0,0.8410513141,2021
Wright St.,0.04,1.06,1.02,0.8191706322,2021
South Dakota St.,0.04,1.1,1.06,0.8123003195,2021
Wake Forest,0.04,1.03,0.99,0.8112724167,2021
Seattle,0.04,1.05,1.01,0.7804255319,2021
Eastern Washington,0.04,1.09,1.06,0.77827051,2021
TCU,0.04,1.02,0.97,0.7745098039,2021
Tulane,0.04,0.99,0.95,0.7572892041,2021
Lafayette,0.04,1.11,1.07,0.7015086207,2021
Wofford,0.03,1.13,1.1,0.8731942215,2021
Vermont,0.03,1.03,1.0,0.8321256039,2021
Kent St.,0.03,1.09,1.06,0.8285291944,2021
Abilene Christian,0.03,1.04,1.02,0.8273769386,2021
Mercer,0.03,1.08,1.05,0.8162475822,2021
Stephen F. Austin,0.03,1.09,1.06,0.8101898102,2021
Oral Roberts,0.03,1.13,1.1,0.7988686361,2021
Bowling Green,0.03,1.09,1.06,0.7839135654,2021
UC Riverside,0.03,1.0,0.97,0.78125,2021
UTEP,0.03,1.02,0.99,0.7286885246,2021
Southern Utah,0.02,1.12,1.1,0.8279857398,2021
Drexel,0.02,1.02,1.01,0.7363636364,2021
Army,0.01,1.04,1.03,0.8570254725,2021
Santa Clara,0.01,1.01,1.0,0.7861163227,2021
Northern Iowa,0.01,1.05,1.04,0.7757712566,2021
East Tennessee St.,0.01,1.07,1.06,0.767925983,2021
Weber St.,0.01,1.1,1.09,0.7625,2021
Iona,0.01,0.98,0.97,0.7603960396,2021
DePaul,0.01,1.0,0.99,0.7270363951,2021
Florida Atlantic,0.0,1.0,1.0,0.8265947889,2021
Murray St.,0.0,1.0,1.0,0.824005891,2021
Hofstra,0.0,1.06,1.07,0.7861400894,2021
Washington,0.0,1.02,1.03,0.736946464,2021
Wyoming,-0.01,1.05,1.06,0.8974358974,2021
Texas A&M,-0.01,0.98,0.99,0.8219461698,2021
Albany,-0.01,1.01,1.03,0.818799547,2021
San Diego,-0.01,0.95,0.96,0.7532467532,2021
Georgia St.,-0.01,1.07,1.08,0.7142857143,2021
South Florida,-0.01,1.0,1.0,0.7115702479,2021
Bellarmine,-0.01,1.03,1.03,0.6811989101,2021
New Mexico St.,-0.02,1.02,1.04,0.8578784758,2021
James Madison,-0.02,1.04,1.05,0.8257804632,2021
VMI,-0.02,1.12,1.15,0.8197718631,2021
LIU,-0.02,1.03,1.05,0.8077922078,2021
UMBC,-0.02,0.99,1.01,0.7989080983,2021
Sam Houston St.,-0.02,1.07,1.09,0.7843003413,2021
UC Davis,-0.02,0.96,0.98,0.7601246106,2021
Detroit,-0.02,1.09,1.11,0.7596899225,2021
Cal St. Bakersfield,-0.02,0.97,0.99,0.6918149466,2021
Iowa St.,-0.02,1.01,1.03,0.6907289455,2021
Coastal Carolina,-0.03,1.0,1.03,0.8333333333,2021
Ball St.,-0.03,1.03,1.06,0.8034682081,2021
Morehead St.,-0.03,0.97,1.0,0.8,2021
Hawaii,-0.03,0.99,1.02,0.7548566142,2021
Boston University,-0.04,1.04,1.08,0.8106280193,2021
Siena,-0.04,1.04,1.08,0.7986577181,2021
Loyola MD,-0.04,1.05,1.09,0.7978494624,2021
La Salle,-0.04,0.97,1.01,0.7821710999,2021
Old Dominion,-0.04,0.97,1.01,0.7458167331,2021
Green Bay,-0.04,1.07,1.11,0.7140013271,2021
Towson,-0.04,1.07,1.1,0.6796208531,2021
Saint Joseph's,-0.05,1.01,1.06,0.859450727,2021
Rice,-0.05,1.01,1.06,0.8165392634,2021
Delaware,-0.05,1.02,1.07,0.8046132972,2021
North Dakota St.,-0.05,1.01,1.06,0.7954393025,2021
Niagara,-0.05,1.04,1.1,0.7888989991,2021
Fresno St.,-0.05,0.96,1.02,0.7804459691,2021
Charlotte,-0.05,0.95,1.0,0.7647547797,2021
Austin Peay,-0.05,1.02,1.07,0.7368421053,2021
Illinois St.,-0.05,1.03,1.08,0.7302725968,2021
Indiana St.,-0.05,1.01,1.06,0.730133753,2021
South Dakota,-0.05,1.02,1.07,0.708242159,2021
UT Arlington,-0.05,0.96,1.01,0.7016689847,2021
Bradley,-0.05,1.0,1.04,0.6975349767,2021
Texas St.,-0.05,0.95,1.0,0.6552287582,2021
Radford,-0.06,1.0,1.06,0.8250388802,2021
Saint Peter's,-0.06,0.95,1.02,0.8225108225,2021
Cal St. Fullerton,-0.06,1.0,1.06,0.7997737557,2021
Wagner,-0.06,1.05,1.11,0.7900414938,2021
Stony Brook,-0.06,0.98,1.04,0.7788385044,2021
Elon,-0.06,0.97,1.03,0.7578125,2021
Southern Illinois,-0.07,0.95,1.02,0.8589147287,2021
Cal Baptist,-0.07,1.05,1.12,0.8475836431,2021
Appalachian St.,-0.07,0.97,1.04,0.8289290682,2021
Stetson,-0.07,1.01,1.08,0.8225454545,2021
Hartford,-0.07,0.99,1.06,0.8107279693,2021
Northeastern,-0.07,1.0,1.07,0.8093869732,2021
Youngstown St.,-0.07,1.05,1.12,0.8039914469,2021
Chattanooga,-0.07,1.03,1.1,0.7708933718,2021
New Hampshire,-0.07,0.99,1.06,0.76,2021
Cal St. Northridge,-0.07,1.0,1.07,0.7371382637,2021
Little Rock,-0.07,0.96,1.03,0.7341299477,2021
Miami OH,-0.07,1.01,1.07,0.7335285505,2021
Louisiana,-0.07,0.97,1.04,0.7320441989,2021
Portland St.,-0.07,0.98,1.05,0.7310606061,2021
Utah Valley,-0.07,0.98,1.05,0.7177419355,2021
Tarleton St.,-0.07,0.95,1.02,0.6985583224,2021
Western Carolina,-0.08,1.07,1.15,0.8833218943,2021
Florida Gulf Coast,-0.08,0.98,1.06,0.8704081633,2021
Evansville,-0.08,1.01,1.09,0.8263888889,2021
South Alabama,-0.08,1.03,1.11,0.8158085569,2021
Oakland,-0.08,1.04,1.12,0.7919137466,2021
UNC Wilmington,-0.08,1.05,1.13,0.7689030884,2021
Eastern Kentucky,-0.08,0.98,1.06,0.7350332594,2021
Milwaukee,-0.08,1.0,1.08,0.7321958457,2021
Norfolk St.,-0.08,0.98,1.06,0.7286027798,2021
Montana St.,-0.08,1.02,1.11,0.7270363951,2021
Charleston,-0.08,0.97,1.05,0.7251585624,2021
FIU,-0.09,0.95,1.04,0.8703563306,2021
Bryant,-0.09,1.02,1.11,0.8602484472,2021
William & Mary,-0.09,1.05,1.14,0.8493150685,2021
Gardner Webb,-0.09,1.02,1.11,0.8093941457,2021
Mount St. Mary's,-0.09,0.99,1.08,0.7808219178,2021
Longwood,-0.09,1.0,1.09,0.7708470125,2021
UT Rio Grande Valley,-0.09,0.95,1.04,0.7670011148,2021
Monmouth,-0.09,1.01,1.1,0.7585644372,2021
Northern Kentucky,-0.09,1.03,1.12,0.7366283006,2021
Montana,-0.09,0.99,1.09,0.6557911909,2021
Southern Miss,-0.09,0.92,1.01,0.6430260047,2021
The Citadel,-0.1,1.13,1.23,0.8361934477,2021
Samford,-0.1,1.04,1.13,0.8300835655,2021
UMKC,-0.1,0.92,1.02,0.8137931034,2021
Morgan St.,-0.1,1.0,1.09,0.8097643098,2021
Valparaiso,-0.1,0.97,1.07,0.7841924399,2021
Cleveland St.,-0.1,0.99,1.09,0.7804878049,2021
Canisius,-0.1,1.01,1.11,0.7417302799,2021
Central Michigan,-0.11,1.01,1.13,0.8308300395,2021
Nicholls St.,-0.11,1.03,1.14,0.8022121015,2021
Jacksonville,-0.11,0.98,1.09,0.7864887406,2021
Fordham,-0.11,0.89,1.01,0.7737430168,2021
George Washington,-0.11,0.99,1.1,0.7543103448,2021
High Point,-0.11,1.0,1.11,0.6910029499,2021
UC San Diego,-0.12,0.9,1.02,0.87100894,2021
American,-0.12,1.0,1.12,0.8273381295,2021
Holy Cross,-0.12,1.02,1.14,0.8182773109,2021
Jacksonville St.,-0.12,1.0,1.11,0.8045897079,2021
St. Francis NY,-0.12,1.02,1.14,0.7835390947,2021
NJIT,-0.12,0.9,1.02,0.7729779412,2021
Eastern Illinois,-0.12,0.97,1.09,0.7657213317,2021
Middle Tennessee,-0.12,0.89,1.01,0.7599681021,2021
IUPUI,-0.12,0.98,1.1,0.7212347989,2021
Northern Illinois,-0.12,0.94,1.06,0.709536308,2021
Campbell,-0.12,0.99,1.11,0.6975648075,2021
Lehigh,-0.12,0.99,1.11,0.695035461,2021
Arkansas St.,-0.12,0.95,1.07,0.6769358868,2021
Jackson St.,-0.12,0.87,0.99,0.6696517413,2021
Northern Colorado,-0.13,0.98,1.11,0.8385321101,2021
Sacred Heart,-0.13,0.97,1.1,0.8317399618,2021
Georgia Southern,-0.13,0.91,1.03,0.8157480315,2021
Lipscomb,-0.13,0.98,1.1,0.8066075745,2021
Prairie View A&M,-0.13,0.97,1.1,0.804107425,2021
St. Francis PA,-0.13,0.96,1.09,0.7780410742,2021
UMass Lowell,-0.13,1.0,1.13,0.7774193548,2021
Idaho St.,-0.13,0.95,1.08,0.7711340206,2021
Long Beach St.,-0.13,0.93,1.05,0.7679083095,2021
Portland,-0.13,0.97,1.09,0.7669616519,2021
Troy,-0.13,0.92,1.05,0.7581100141,2021
Texas Southern,-0.13,0.93,1.07,0.7560483871,2021
Northern Arizona,-0.13,1.02,1.16,0.7259816207,2021
Cal Poly,-0.13,0.9,1.02,0.7251602564,2021
Lamar,-0.13,0.98,1.12,0.6691542289,2021
Quinnipiac,-0.14,0.96,1.1,0.8410174881,2021
Southeast Missouri St.,-0.14,0.92,1.06,0.8188010899,2021
UNC Asheville,-0.14,1.03,1.17,0.8116319444,2021
Manhattan,-0.14,0.96,1.09,0.7948497854,2021
Tennessee St.,-0.14,0.91,1.06,0.7874509804,2021
Denver,-0.14,0.95,1.09,0.7666068223,2021
Grambling St.,-0.14,0.96,1.1,0.7603503185,2021
Louisiana Monroe,-0.14,0.91,1.05,0.7472677596,2021
Nebraska Omaha,-0.14,0.95,1.09,0.672021419,2021
Rider,-0.14,0.95,1.1,0.6676783005,2021
Coppin St.,-0.15,0.91,1.06,0.8666666667,2021
Fairleigh Dickinson,-0.15,1.01,1.16,0.8310055866,2021
Air Force,-0.15,0.93,1.08,0.8239316239,2021
North Alabama,-0.15,0.94,1.09,0.756223176,2021
Presbyterian,-0.15,0.95,1.1,0.735581189,2021
Robert Morris,-0.15,1.0,1.14,0.7345454545,2021
Sacramento St.,-0.15,1.05,1.2,0.6695906433,2021
Merrimack,-0.16,0.87,1.03,0.8583247156,2021
North Dakota,-0.16,0.96,1.12,0.7997247075,2021
Binghamton,-0.16,0.96,1.11,0.781520693,2021
New Mexico,-0.16,0.9,1.07,0.6652211622,2021
Western Illinois,-0.17,0.99,1.16,0.7788906009,2021
North Carolina A&T,-0.17,0.93,1.1,0.76882662,2021
Bucknell,-0.17,1.02,1.2,0.7686676428,2021
Utah Tech,-0.17,0.93,1.11,0.7618181818,2021
Fairfield,-0.17,0.97,1.13,0.7568681319,2021
Northwestern St.,-0.17,0.98,1.14,0.7130777903,2021
Southeastern Louisiana,-0.18,0.96,1.14,0.8417890521,2021
Central Arkansas,-0.18,0.96,1.13,0.7702191988,2021
North Carolina Central,-0.18,0.93,1.1,0.7688022284,2021
Western Michigan,-0.18,0.9,1.07,0.7586206897,2021
Southern,-0.18,0.91,1.09,0.6833797586,2021
Tennessee Tech,-0.19,0.91,1.1,0.8141067897,2021
Eastern Michigan,-0.19,0.94,1.14,0.8,2021
San Jose St.,-0.19,0.95,1.14,0.7574123989,2021
New Orleans,-0.19,0.97,1.17,0.7250883392,2021
Texas A&M Corpus Chris,-0.19,0.93,1.12,0.6790450928,2021
Purdue Fort Wayne,-0.2,0.93,1.12,0.805401112,2021
Marist,-0.2,0.92,1.13,0.7789757412,2021
SIU Edwardsville,-0.2,0.89,1.1,0.7734026746,2021
USC Upstate,-0.21,0.98,1.19,0.7935323383,2021
Maine,-0.21,0.85,1.06,0.7876106195,2021
Florida A&M,-0.21,0.87,1.08,0.64,2021
North Florida,-0.22,0.98,1.2,0.8407917384,2021
McNeese St.,-0.22,1.0,1.22,0.8151848152,2021
Houston Christian,-0.22,0.97,1.19,0.7852631579,2021
Kennesaw St.,-0.22,0.94,1.17,0.7228400342,2021
Central Connecticut,-0.23,0.91,1.14,0.756097561,2021
Howard,-0.24,0.95,1.18,0.7903930131,2021
Illinois Chicago,-0.24,0.92,1.17,0.7824750192,2021
Incarnate Word,-0.24,0.94,1.18,0.7684630739,2021
Charleston Southern,-0.24,0.92,1.16,0.7421665175,2021
Tennessee Martin,-0.24,0.91,1.15,0.7262443439,2021
Idaho,-0.24,0.93,1.17,0.6610767873,2021
Alcorn St.,-0.24,0.91,1.15,0.6606334842,2021
Delaware St.,-0.27,0.91,1.18,0.7213740458,2021
Hampton,-0.28,0.93,1.21,0.7238493724,2021
Alabama A&M,-0.28,0.88,1.15,0.6890951276,2021
Arkansas Pine Bluff,-0.28,0.88,1.16,0.6401179941,2021
Alabama St.,-0.32,0.84,1.16,0.7343904856,2021
South Carolina St.,-0.33,0.83,1.16,0.7319688109,2021
Chicago St.,-0.33,0.84,1.17,0.6961770624,2021
Mississippi Valley St.,-0.5,0.76,1.26,0.7520415739,2021
Houston,0.34,1.21,0.87,0.7644464049,2022
Gonzaga,0.3,1.21,0.91,0.8128742515,2022
Tennessee,0.3,1.17,0.87,0.7746679317,2022
Villanova,0.29,1.21,0.92,0.8452883263,2022
UCLA,0.29,1.19,0.9,0.6615456238,2022
Arizona,0.28,1.22,0.94,0.8351696783,2022
Illinois,0.28,1.21,0.93,0.8181818182,2022
Baylor,0.28,1.18,0.9,0.7777244359,2022
Kansas,0.28,1.18,0.9,0.7772670288,2022
Texas Tech,0.27,1.13,0.86,0.7902676399,2022
Purdue,0.26,1.22,0.97,0.8089780325,2022
Arkansas,0.26,1.15,0.89,0.7460954931,2022
Kentucky,0.26,1.15,0.89,0.6541705717,2022
Iowa,0.25,1.24,0.99,0.7842377261,2022
Texas,0.25,1.14,0.89,0.7078472959,2022
Auburn,0.24,1.16,0.92,0.810710988,2022
Virginia Tech,0.23,1.18,0.95,0.7955577991,2022
Duke,0.23,1.21,0.98,0.7810776411,2022
Alabama,0.22,1.21,0.99,0.9126869272,2022
North Carolina,0.22,1.17,0.95,0.7928601079,2022
Connecticut,0.22,1.15,0.93,0.753587333,2022
Michigan,0.22,1.17,0.95,0.7353091467,2022
Mississippi St.,0.22,1.14,0.92,0.7091485986,2022
LSU,0.21,1.12,0.91,0.8069825436,2022
Boise St.,0.21,1.08,0.87,0.767027027,2022
TCU,0.2,1.12,0.92,0.7646459501,2022
Xavier,0.2,1.12,0.92,0.7410037879,2022
Wisconsin,0.2,1.14,0.93,0.7094769549,2022
Oklahoma,0.19,1.09,0.9,0.8483055406,2022
Florida,0.19,1.13,0.94,0.8300619835,2022
Davidson,0.18,1.17,0.99,0.8002207506,2022
Memphis,0.18,1.11,0.93,0.7472295515,2022
Syracuse,0.18,1.21,1.04,0.7249876787,2022
Saint Mary's,0.17,1.08,0.92,0.8464017186,2022
San Francisco,0.17,1.13,0.96,0.84007996,2022
Texas A&M,0.17,1.11,0.94,0.8224878265,2022
Notre Dame,0.17,1.11,0.95,0.8175144206,2022
Penn St.,0.17,1.14,0.97,0.7867990654,2022
Washington St.,0.17,1.11,0.94,0.7856185797,2022
St. John's,0.17,1.09,0.93,0.782405241,2022
San Diego St.,0.17,1.05,0.88,0.667802385,2022
Murray St.,0.16,1.1,0.94,0.8411669368,2022
Colorado St.,0.16,1.13,0.97,0.7843731072,2022
UAB,0.16,1.1,0.94,0.7301122499,2022
SMU,0.15,1.1,0.95,0.844515442,2022
Richmond,0.15,1.13,0.98,0.8347537879,2022
Utah St.,0.15,1.09,0.94,0.833064949,2022
Kansas St.,0.15,1.11,0.95,0.8129213483,2022
Dayton,0.15,1.07,0.92,0.8109399894,2022
Iowa St.,0.15,1.04,0.89,0.7673946166,2022
BYU,0.15,1.13,0.99,0.7317813765,2022
Ohio St.,0.15,1.15,1.0,0.7126436782,2022
West Virginia,0.15,1.11,0.96,0.7092838196,2022
Drake,0.15,1.15,1.0,0.7088293651,2022
Rutgers,0.15,1.09,0.95,0.6961206897,2022
Michigan St.,0.15,1.13,0.98,0.677513356,2022
Loyola Chicago,0.14,1.1,0.96,0.8932487017,2022
Wake Forest,0.14,1.1,0.97,0.8464955577,2022
Colorado,0.14,1.07,0.94,0.7964266378,2022
Creighton,0.14,1.07,0.93,0.7892107892,2022
Seton Hall,0.14,1.09,0.95,0.7721179625,2022
Miami FL,0.14,1.13,0.98,0.7518726592,2022
USC,0.14,1.11,0.97,0.7447552448,2022
Oklahoma St.,0.14,1.03,0.89,0.7415083477,2022
Minnesota,0.14,1.14,1.0,0.696880518,2022
Arizona St.,0.14,1.08,0.94,0.6919380673,2022
Virginia,0.14,1.1,0.96,0.6824175824,2022
North Texas,0.13,1.04,0.91,0.8155981494,2022
Wyoming,0.13,1.07,0.95,0.8065774805,2022
Northwestern,0.13,1.1,0.98,0.7529411765,2022
St. Bonaventure,0.13,1.1,0.96,0.7271778821,2022
Indiana,0.12,1.06,0.94,0.7308853119,2022
Furman,0.11,1.13,1.02,0.88599182,2022
Providence,0.11,1.11,1.0,0.8036578806,2022
Santa Clara,0.11,1.1,0.99,0.7995920449,2022
Saint Louis,0.11,1.07,0.97,0.7932405567,2022
UCF,0.11,1.07,0.96,0.782161235,2022
DePaul,0.11,1.06,0.95,0.7636749867,2022
Clemson,0.11,1.09,0.98,0.7542826552,2022
Oregon,0.1,1.07,0.96,0.7927254609,2022
Maryland,0.1,1.09,0.99,0.788377193,2022
South Dakota St.,0.1,1.14,1.04,0.7823834197,2022
Fresno St.,0.1,1.02,0.92,0.7652127087,2022
Cincinnati,0.1,1.06,0.96,0.7563971341,2022
Missouri St.,0.1,1.12,1.02,0.7299687825,2022
Belmont,0.09,1.07,0.98,0.8848388801,2022
Vermont,0.09,1.04,0.95,0.874251497,2022
Vanderbilt,0.09,1.05,0.95,0.8255872064,2022
Wichita St.,0.09,1.05,0.96,0.8151774786,2022
Butler,0.09,1.05,0.96,0.8076470588,2022
Florida St.,0.09,1.07,0.98,0.723669924,2022
Georgia St.,0.09,1.07,0.98,0.7066916823,2022
Wofford,0.08,1.07,1.0,0.8910769231,2022
Northern Iowa,0.08,1.1,1.02,0.8209127672,2022
Iona,0.08,1.05,0.97,0.8160860656,2022
Marquette,0.08,1.07,0.99,0.8067885117,2022
Abilene Christian,0.08,1.02,0.95,0.8048,2022
Towson,0.08,1.08,1.0,0.7997941328,2022
VCU,0.08,1.03,0.94,0.7922228671,2022
UNLV,0.08,1.06,0.98,0.7876557191,2022
Georgetown,0.08,1.06,0.98,0.7796257796,2022
Tulane,0.08,1.03,0.95,0.7664057797,2022
Liberty,0.07,1.07,1.0,0.9037037037,2022
Bradley,0.07,1.06,0.99,0.8197573657,2022
N.C. State,0.07,1.11,1.05,0.8027040561,2022
Boston College,0.07,1.07,1.0,0.7700421941,2022
Utah,0.07,1.08,1.01,0.7676486937,2022
Louisville,0.07,1.06,0.99,0.7646121148,2022
Toledo,0.07,1.15,1.08,0.7622990745,2022
Missouri,0.07,1.03,0.95,0.7612359551,2022
Mississippi,0.07,1.04,0.97,0.7560307018,2022
Temple,0.07,1.04,0.97,0.7420924574,2022
Long Beach St.,0.07,1.02,0.94,0.7001114827,2022
Colgate,0.06,1.08,1.02,0.8720162519,2022
George Mason,0.06,1.02,0.95,0.8314540059,2022
New Mexico St.,0.06,1.06,1.0,0.8054906542,2022
Grand Canyon,0.06,1.04,0.98,0.797640118,2022
Nevada,0.06,1.08,1.01,0.7498545666,2022
Louisiana Tech,0.05,1.01,0.96,0.8283499446,2022
Nebraska,0.05,1.06,1.01,0.8106666667,2022
Stanford,0.05,1.01,0.97,0.8033707865,2022
Seattle,0.05,1.02,0.98,0.7976318622,2022
Akron,0.05,1.05,1.0,0.7944711538,2022
Sam Houston St.,0.05,1.02,0.97,0.7906712173,2022
Hofstra,0.05,1.07,1.02,0.7829833064,2022
Washington,0.05,1.03,0.98,0.7262830482,2022
South Carolina,0.05,1.02,0.97,0.7169398907,2022
Ohio,0.04,1.04,1.0,0.8586309524,2022
Oral Roberts,0.04,1.1,1.06,0.8462377317,2022
Georgia,0.04,1.06,1.02,0.8394202899,2022
Tulsa,0.04,1.0,0.96,0.7739764442,2022
UC Riverside,0.04,0.98,0.95,0.7656695157,2022
Western Kentucky,0.04,1.04,1.0,0.7593552101,2022
Texas St.,0.04,1.03,0.99,0.6842480399,2022
California,0.04,1.03,0.99,0.681868743,2022
Southern Illinois,0.03,1.0,0.97,0.8530927835,2022
Stephen F. Austin,0.03,0.99,0.96,0.8238600874,2022
Chattanooga,0.03,1.07,1.04,0.8133472367,2022
Wright St.,0.03,1.08,1.06,0.7801932367,2022
East Carolina,0.03,1.04,1.01,0.7633410673,2022
UC Santa Barbara,0.03,1.0,0.97,0.7534050179,2022
Oregon St.,0.03,1.05,1.02,0.678551532,2022
Charlotte,0.02,1.02,1.01,0.8468786808,2022
Middle Tennessee,0.01,1.02,1.01,0.8572141787,2022
Southern Utah,0.01,1.02,1.01,0.8461934156,2022
Florida Atlantic,0.01,1.02,1.01,0.845039019,2022
Jacksonville St.,0.01,1.03,1.02,0.8366849482,2022
Saint Joseph's,0.01,0.98,0.97,0.813416009,2022
Massachusetts,0.01,1.09,1.08,0.8043135192,2022
Weber St.,0.01,1.04,1.03,0.8040697674,2022
Coastal Carolina,0.01,1.01,1.0,0.7926461724,2022
Longwood,0.01,0.99,0.98,0.7855844942,2022
Niagara,0.01,1.02,1.01,0.7779164067,2022
New Mexico,0.01,1.06,1.05,0.7396878484,2022
Princeton,0.0,1.03,1.03,0.8939481268,2022
Charleston,0.0,1.02,1.02,0.8121628249,2022
Kent St.,0.0,1.01,1.01,0.7867851194,2022
Appalachian St.,0.0,1.0,1.01,0.7811256396,2022
Campbell,0.0,0.99,0.99,0.7803302225,2022
Yale,0.0,1.04,1.03,0.7694077056,2022
Northern Kentucky,0.0,1.03,1.03,0.7690108634,2022
Tarleton St.,0.0,0.97,0.97,0.7683578104,2022
Marshall,0.0,1.04,1.04,0.7521806054,2022
Georgia Tech,0.0,1.04,1.03,0.7277282851,2022
Pittsburgh,0.0,1.03,1.03,0.7220858896,2022
UC Irvine,0.0,1.0,1.0,0.6843800322,2022
Buffalo,-0.01,1.03,1.04,0.8373759647,2022
Delaware,-0.01,1.01,1.02,0.8099571734,2022
South Alabama,-0.01,0.99,1.01,0.799503414,2022
Morehead St.,-0.01,1.0,1.01,0.7956674473,2022
UNC Wilmington,-0.01,1.02,1.03,0.7556221889,2022
Cal St. Fullerton,-0.01,1.02,1.02,0.7362371446,2022
UC Davis,-0.01,0.99,1.0,0.7358790772,2022
Monmouth,-0.01,1.0,1.01,0.7336814621,2022
Jacksonville,-0.01,1.01,1.02,0.7300068353,2022
Portland,-0.01,1.05,1.05,0.7145196507,2022
Old Dominion,-0.01,0.99,1.0,0.672,2022
San Diego,-0.01,0.98,0.99,0.6606498195,2022
Dartmouth,-0.02,1.01,1.03,0.8511560694,2022
Saint Peter's,-0.02,0.94,0.97,0.8139534884,2022
East Tennessee St.,-0.02,1.08,1.1,0.7948574623,2022
Hawaii,-0.02,0.99,1.01,0.7948350072,2022
Drexel,-0.02,1.04,1.05,0.7509113001,2022
Bellarmine,-0.02,1.08,1.1,0.7439100562,2022
Rhode Island,-0.02,1.0,1.02,0.7417177914,2022
Illinois St.,-0.02,1.05,1.07,0.7391546162,2022
UTEP,-0.02,0.96,0.98,0.6943832599,2022
Gardner Webb,-0.03,0.97,1.0,0.8493324857,2022
Montana St.,-0.03,1.0,1.02,0.7777161863,2022
VMI,-0.04,1.09,1.13,0.8886269888,2022
Bryant,-0.04,1.02,1.07,0.8713692946,2022
Loyola Marymount,-0.04,1.01,1.05,0.8350062735,2022
Cal Baptist,-0.04,1.01,1.05,0.834502924,2022
Cleveland St.,-0.04,1.01,1.06,0.8328322309,2022
James Madison,-0.04,0.99,1.03,0.8270820089,2022
Rice,-0.04,1.04,1.08,0.8027366021,2022
Elon,-0.04,1.01,1.04,0.7850299401,2022
Louisiana,-0.04,0.97,1.01,0.7770432692,2022
Valparaiso,-0.04,1.03,1.07,0.772673031,2022
Detroit,-0.04,1.08,1.11,0.7654921021,2022
Pacific,-0.04,0.99,1.03,0.7630094044,2022
Arkansas St.,-0.04,0.97,1.01,0.7192254495,2022
South Florida,-0.04,0.94,0.98,0.6463687151,2022
Indiana St.,-0.05,0.96,1.02,0.8871173469,2022
Eastern Kentucky,-0.05,1.01,1.06,0.8366445916,2022
Winthrop,-0.05,0.98,1.03,0.8362573099,2022
Samford,-0.05,1.06,1.12,0.8281524927,2022
UNC Greensboro,-0.05,0.99,1.04,0.8260869565,2022
Oakland,-0.05,1.03,1.09,0.8182342758,2022
Troy,-0.05,0.94,1.0,0.8021091811,2022
Texas A&M Corpus Chris,-0.05,1.0,1.05,0.7909725954,2022
Mercer,-0.05,1.04,1.09,0.7875,2022
Montana,-0.05,0.97,1.02,0.762987013,2022
Nicholls St.,-0.05,1.01,1.07,0.7544141252,2022
Utah Valley,-0.05,0.96,1.01,0.7300613497,2022
Pepperdine,-0.05,1.02,1.07,0.6505636071,2022
Harvard,-0.06,0.97,1.04,0.8387563268,2022
Marist,-0.06,0.95,1.01,0.7869890616,2022
North Dakota St.,-0.06,1.0,1.05,0.7763232783,2022
Boston University,-0.06,1.0,1.06,0.7755637126,2022
Canisius,-0.06,0.97,1.03,0.768776824,2022
Miami OH,-0.06,1.05,1.11,0.7396648045,2022
Duquesne,-0.06,1.0,1.06,0.7166123779,2022
Siena,-0.06,0.96,1.02,0.708821715,2022
Florida Gulf Coast,-0.07,1.04,1.11,0.8837809917,2022
Northern Colorado,-0.07,1.05,1.12,0.8485600794,2022
Fordham,-0.07,0.92,0.99,0.8470588235,2022
LIU,-0.07,1.0,1.07,0.8302197802,2022
UNC Asheville,-0.07,1.02,1.08,0.8220858896,2022
Penn,-0.07,1.04,1.11,0.8031026253,2022
Loyola MD,-0.07,0.97,1.04,0.7774352651,2022
La Salle,-0.07,1.0,1.07,0.7566815145,2022
Mount St. Mary's,-0.07,0.95,1.01,0.7154320988,2022
UT Arlington,-0.07,0.96,1.02,0.695262484,2022
Rider,-0.07,0.97,1.04,0.6675271038,2022
Cornell,-0.08,1.01,1.09,0.8887313962,2022
Quinnipiac,-0.08,0.94,1.02,0.8647727273,2022
The Citadel,-0.08,1.05,1.12,0.859375,2022
Eastern Washington,-0.08,1.01,1.09,0.8511678436,2022
Western Illinois,-0.08,1.02,1.09,0.8173277662,2022
New Hampshire,-0.08,0.95,1.03,0.7945205479,2022
Wagner,-0.08,0.97,1.05,0.7643641059,2022
George Washington,-0.08,0.97,1.05,0.7620124364,2022
Austin Peay,-0.08,0.95,1.03,0.7480263158,2022
Southern,-0.08,0.94,1.02,0.7388955582,2022
New Orleans,-0.08,0.97,1.05,0.7377725398,2022
Kennesaw St.,-0.08,1.01,1.09,0.7327806122,2022
Navy,-0.08,0.91,0.99,0.7320601852,2022
FIU,-0.09,0.98,1.07,0.8614768174,2022
Air Force,-0.09,0.95,1.04,0.8343771747,2022
Fairfield,-0.09,0.94,1.02,0.7993402969,2022
Portland St.,-0.09,0.96,1.05,0.7949008499,2022
Bowling Green,-0.09,1.02,1.11,0.7773019272,2022
UMBC,-0.09,0.97,1.06,0.7746158224,2022
Brown,-0.09,0.96,1.05,0.7575757576,2022
UMass Lowell,-0.09,0.92,1.01,0.7522713507,2022
Southeast Missouri St.,-0.1,1.0,1.1,0.8295194508,2022
Northeastern,-0.1,0.95,1.05,0.8275862069,2022
Purdue Fort Wayne,-0.1,0.97,1.07,0.8254420993,2022
UMKC,-0.1,0.96,1.06,0.8043478261,2022
Illinois Chicago,-0.1,1.0,1.1,0.802978236,2022
Howard,-0.1,0.96,1.05,0.796259185,2022
Prairie View A&M,-0.1,0.96,1.06,0.7681638045,2022
Stony Brook,-0.1,0.95,1.05,0.7631284916,2022
Presbyterian,-0.1,0.94,1.04,0.7485242031,2022
High Point,-0.1,0.96,1.06,0.746496039,2022
UTSA,-0.1,0.97,1.07,0.7128883774,2022
St. Thomas,-0.11,1.03,1.14,0.8902743142,2022
UC San Diego,-0.11,0.92,1.04,0.8722408027,2022
Hartford,-0.11,0.96,1.06,0.8239595051,2022
Radford,-0.11,0.91,1.02,0.7914151576,2022
Youngstown St.,-0.11,1.0,1.11,0.784463895,2022
Cal St. Bakersfield,-0.11,0.94,1.05,0.6036931818,2022
Ball St.,-0.12,0.97,1.09,0.862550961,2022
Georgia Southern,-0.12,0.91,1.03,0.7842998586,2022
Tennessee Tech,-0.12,0.95,1.06,0.769439913,2022
Morgan St.,-0.12,0.92,1.03,0.7528619529,2022
Texas Southern,-0.12,0.9,1.02,0.7424986361,2022
Tennessee St.,-0.12,0.94,1.06,0.7366589327,2022
Northwestern St.,-0.12,0.97,1.09,0.7134376686,2022
Sacramento St.,-0.12,0.97,1.09,0.7069892473,2022
South Dakota,-0.12,1.01,1.13,0.6988463874,2022
Albany,-0.12,0.89,1.01,0.6973004021,2022
Southeastern Louisiana,-0.13,0.99,1.13,0.8496196606,2022
Coppin St.,-0.13,0.91,1.04,0.8471096704,2022
North Florida,-0.13,0.96,1.09,0.8404669261,2022
North Dakota,-0.13,0.96,1.09,0.8269570335,2022
Utah Tech,-0.13,0.95,1.08,0.809252218,2022
Evansville,-0.13,0.93,1.05,0.8024852845,2022
North Alabama,-0.13,0.88,1.01,0.7723577236,2022
Northern Illinois,-0.13,0.89,1.02,0.7417982989,2022
South Carolina St.,-0.13,0.91,1.04,0.7177060134,2022
Jackson St.,-0.13,0.89,1.02,0.6779866586,2022
Lipscomb,-0.14,0.96,1.1,0.8842925659,2022
San Jose St.,-0.14,0.94,1.08,0.8567073171,2022
Houston Christian,-0.14,0.98,1.13,0.8497913769,2022
Army,-0.14,0.95,1.09,0.8043606364,2022
Norfolk St.,-0.14,0.94,1.08,0.7838010204,2022
Manhattan,-0.14,0.92,1.07,0.7799373041,2022
Louisiana Monroe,-0.14,0.96,1.1,0.7702702703,2022
North Carolina A&T,-0.14,0.92,1.06,0.7546948357,2022
Northern Arizona,-0.14,1.0,1.13,0.7302977233,2022
Stetson,-0.15,0.96,1.1,0.8131648936,2022
Denver,-0.15,0.99,1.13,0.7773083887,2022
USC Upstate,-0.15,0.97,1.12,0.7268436578,2022
Cal St. Northridge,-0.15,0.88,1.02,0.6336760925,2022
Chicago St.,-0.16,0.93,1.09,0.8344444444,2022
Lafayette,-0.16,0.96,1.12,0.8118694362,2022
Tennessee Martin,-0.16,0.95,1.1,0.8026004728,2022
SIU Edwardsville,-0.16,0.92,1.09,0.7920560748,2022
Binghamton,-0.16,0.91,1.07,0.774090619,2022
Bethune Cookman,-0.16,0.91,1.07,0.6666666667,2022
Western Carolina,-0.17,0.99,1.16,0.8779193206,2022
Charleston Southern,-0.17,0.9,1.07,0.8360349127,2022
Western Michigan,-0.17,0.97,1.14,0.820952381,2022
Sacred Heart,-0.17,0.97,1.14,0.818287037,2022
Idaho St.,-0.17,0.94,1.11,0.8009414929,2022
North Carolina Central,-0.17,0.87,1.04,0.7931488801,2022
Lehigh,-0.17,0.91,1.08,0.792004635,2022
Green Bay,-0.17,0.92,1.1,0.7638617091,2022
Robert Morris,-0.17,0.96,1.13,0.7524694945,2022
St. Francis NY,-0.17,0.89,1.06,0.7356125356,2022
Alcorn St.,-0.17,0.89,1.06,0.7,2022
Southern Miss,-0.17,0.93,1.11,0.6927502877,2022
Florida A&M,-0.17,0.89,1.06,0.5988556898,2022
UT Rio Grande Valley,-0.18,0.95,1.13,0.8440993789,2022
William & Mary,-0.18,0.88,1.06,0.8312138728,2022
McNeese St.,-0.18,0.96,1.13,0.8132495717,2022
Central Arkansas,-0.18,0.95,1.14,0.789618995,2022
Bucknell,-0.18,0.96,1.14,0.7625698324,2022
Grambling St.,-0.18,0.9,1.08,0.7602779386,2022
Cal Poly,-0.18,0.88,1.06,0.7514534884,2022
Eastern Michigan,-0.18,0.92,1.1,0.7343927355,2022
Little Rock,-0.18,0.92,1.1,0.7285607755,2022
Milwaukee,-0.18,0.9,1.08,0.7132140796,2022
Alabama A&M,-0.18,0.88,1.05,0.6518475751,2022
Idaho,-0.19,0.97,1.15,0.8287092883,2022
Maryland Eastern Shore,-0.19,0.84,1.03,0.8126377663,2022
St. Francis PA,-0.19,0.93,1.12,0.7870744374,2022
Incarnate Word,-0.19,0.93,1.12,0.7762413576,2022
American,-0.19,0.92,1.11,0.7695852535,2022
Central Michigan,-0.19,0.92,1.11,0.7441037736,2022
Alabama St.,-0.19,0.91,1.09,0.7431085044,2022
Lamar,-0.19,0.91,1.1,0.6703511053,2022
Central Connecticut,-0.2,0.9,1.1,0.7698005698,2022
Hampton,-0.2,0.88,1.09,0.7258848022,2022
NJIT,-0.21,0.9,1.11,0.7772727273,2022
Arkansas Pine Bluff,-0.21,0.92,1.13,0.7751552795,2022
Holy Cross,-0.21,0.9,1.1,0.7503022975,2022
Merrimack,-0.22,0.86,1.07,0.8336582196,2022
Columbia,-0.22,0.9,1.12,0.7554495913,2022
Maine,-0.23,0.87,1.1,0.7419575633,2022
Fairleigh Dickinson,-0.24,0.93,1.17,0.7935691318,2022
Eastern Illinois,-0.24,0.82,1.05,0.7880247763,2022
Mississippi Valley St.,-0.25,0.87,1.11,0.7908192911,2022
Nebraska Omaha,-0.25,0.94,1.19,0.7073746313,2022
Delaware St.,-0.28,0.83,1.1,0.6612546125,2022
IUPUI,-0.31,0.81,1.12,0.7109317682,2022
UCLA,0.36,1.21,0.85,0.7016918967,2023
Connecticut,0.31,1.25,0.94,0.851693099,2023
Creighton,0.31,1.23,0.92,0.8262476895,2023
Gonzaga,0.3,1.29,0.99,0.7982813207,2023
Tennessee,0.3,1.18,0.88,0.7815927515,2023
Houston,0.3,1.2,0.91,0.7602179837,2023
Kentucky,0.29,1.22,0.93,0.7041564792,2023
Alabama,0.28,1.19,0.91,0.9261019879,2023
Kansas,0.27,1.18,0.91,0.8029878618,2023
Baylor,0.27,1.26,0.99,0.7991824221,2023
Saint Mary's,0.26,1.18,0.92,0.8917062863,2023
Arizona,0.26,1.18,0.93,0.8305984556,2023
Purdue,0.26,1.22,0.96,0.8125,2023
Texas,0.25,1.18,0.93,0.717847769,2023
Marquette,0.24,1.19,0.95,0.8854645814,2023
TCU,0.24,1.18,0.94,0.8250235183,2023
Duke,0.24,1.19,0.95,0.8180501931,2023
Iowa,0.24,1.21,0.98,0.8098218584,2023
Virginia,0.24,1.16,0.92,0.7824362606,2023
Utah St.,0.23,1.17,0.94,0.8340314136,2023
Memphis,0.23,1.17,0.93,0.7471374046,2023
Mississippi St.,0.22,1.12,0.9,0.8021694215,2023
Penn St.,0.21,1.2,0.99,0.8048318333,2023
Miami FL,0.21,1.22,1.02,0.7836734694,2023
San Diego St.,0.21,1.11,0.9,0.7152014652,2023
Liberty,0.2,1.12,0.92,0.9257854821,2023
Oklahoma St.,0.2,1.11,0.91,0.7996089932,2023
Providence,0.2,1.18,0.98,0.7984810127,2023
Iowa St.,0.2,1.09,0.9,0.7763018066,2023
Indiana,0.2,1.14,0.95,0.7464512971,2023
Arkansas,0.2,1.17,0.97,0.7444228904,2023
Rutgers,0.2,1.11,0.91,0.7430417495,2023
Ohio St.,0.2,1.19,0.99,0.6855192589,2023
Kansas St.,0.19,1.15,0.96,0.8540566491,2023
Xavier,0.19,1.16,0.97,0.802748227,2023
North Carolina,0.19,1.16,0.97,0.7736604907,2023
Maryland,0.18,1.16,0.98,0.8285714286,2023
Auburn,0.18,1.16,0.98,0.8026117529,2023
Michigan St.,0.18,1.15,0.98,0.6877572016,2023
Illinois,0.17,1.14,0.97,0.852004111,2023
Oregon,0.17,1.1,0.93,0.8389623103,2023
Florida Atlantic,0.16,1.12,0.96,0.894952251,2023
Dayton,0.16,1.12,0.96,0.8469730942,2023
Texas A&M,0.16,1.19,1.03,0.8307453416,2023
Washington St.,0.16,1.12,0.96,0.8242961418,2023
UAB,0.16,1.15,0.99,0.8135168961,2023
Texas Tech,0.16,1.14,0.98,0.8126036484,2023
Northwestern,0.16,1.1,0.95,0.7896341463,2023
West Virginia,0.16,1.13,0.97,0.7567844342,2023
N.C. State,0.16,1.17,1.01,0.7514901421,2023
Villanova,0.15,1.1,0.95,0.8694009714,2023
Oklahoma,0.15,1.12,0.98,0.8330404218,2023
UCF,0.15,1.09,0.94,0.8248359414,2023
North Texas,0.15,1.08,0.93,0.8196632265,2023
Michigan,0.15,1.14,0.99,0.7542627884,2023
USC,0.15,1.13,0.98,0.7012779553,2023
Missouri,0.14,1.16,1.02,0.8599426386,2023
Florida,0.14,1.13,1.0,0.8455882353,2023
BYU,0.14,1.13,0.99,0.8356456777,2023
LSU,0.14,1.12,0.98,0.8272,2023
Wisconsin,0.14,1.1,0.96,0.8219451372,2023
Boise St.,0.14,1.1,0.96,0.7828632251,2023
Cincinnati,0.14,1.13,0.99,0.7532701849,2023
Drake,0.14,1.1,0.96,0.7461617195,2023
New Mexico,0.14,1.15,1.02,0.7171819564,2023
Virginia Tech,0.13,1.17,1.04,0.8397177419,2023
Stanford,0.13,1.11,0.97,0.8219104155,2023
Colorado St.,0.13,1.12,0.99,0.8164447018,2023
Santa Clara,0.13,1.14,1.01,0.8074565884,2023
Pittsburgh,0.13,1.16,1.03,0.7957712638,2023
Toledo,0.13,1.23,1.1,0.7872648336,2023
Nevada,0.13,1.12,0.99,0.7515850144,2023
Wake Forest,0.12,1.12,1.01,0.8627553693,2023
Seton Hall,0.12,1.05,0.93,0.8469976905,2023
Clemson,0.12,1.12,1.0,0.8226729069,2023
Colorado,0.12,1.04,0.93,0.807673628,2023
Mississippi,0.12,1.13,1.01,0.7961717538,2023
Arizona St.,0.12,1.08,0.96,0.7591308368,2023
UC Santa Barbara,0.12,1.07,0.95,0.7572319909,2023
Charleston,0.11,1.07,0.96,0.8962131837,2023
VCU,0.11,1.05,0.94,0.8532404928,2023
Sam Houston St.,0.11,1.02,0.92,0.7975683891,2023
Colgate,0.1,1.11,1.01,0.8602753697,2023
Utah Valley,0.1,1.06,0.96,0.8074037019,2023
Vanderbilt,0.1,1.12,1.02,0.8015546411,2023
St. John's,0.1,1.09,0.99,0.7563686892,2023
Marshall,0.1,1.12,1.02,0.7522080471,2023
Akron,0.09,1.1,1.01,0.8859550562,2023
Yale,0.09,1.06,0.97,0.8333333333,2023
UNLV,0.09,1.07,0.98,0.7918277195,2023
San Francisco,0.08,1.1,1.02,0.8626114316,2023
Nebraska,0.08,1.06,0.98,0.8569832402,2023
Utah,0.08,1.07,0.99,0.7873718295,2023
Saint Louis,0.07,1.07,1.0,0.7979057592,2023
Notre Dame,0.07,1.12,1.05,0.793442623,2023
Iona,0.07,1.07,1.0,0.7878220141,2023
Hofstra,0.07,1.07,0.99,0.7653213752,2023
Princeton,0.06,1.1,1.04,0.9148816234,2023
Oral Roberts,0.06,1.11,1.04,0.8535457348,2023
Kent St.,0.06,1.07,1.0,0.7995991984,2023
DePaul,0.06,1.08,1.02,0.7511473738,2023
Syracuse,0.06,1.13,1.07,0.7301756253,2023
Davidson,0.05,1.06,1.01,0.8763784098,2023
Vermont,0.05,1.04,0.99,0.8656471873,2023
Wichita St.,0.05,1.05,1.0,0.8482871126,2023
Seattle,0.05,1.04,0.99,0.8197802198,2023
Texas A&M Corpus Chris,0.05,1.06,1.01,0.8146964856,2023
Tulane,0.05,1.07,1.01,0.8045915643,2023
Montana St.,0.05,1.05,1.0,0.7883169462,2023
Louisiana,0.05,1.03,0.98,0.7707865169,2023
Indiana St.,0.04,1.03,0.99,0.9396809571,2023
Furman,0.04,1.1,1.06,0.9139004149,2023
San Jose St.,0.04,1.09,1.05,0.8754578755,2023
Grand Canyon,0.04,1.05,1.02,0.8372993913,2023
Rice,0.04,1.09,1.04,0.820443483,2023
Portland,0.04,1.13,1.1,0.8189300412,2023
Bradley,0.04,1.03,0.99,0.8142189933,2023
Boston College,0.04,1.02,0.98,0.7764140875,2023
Louisiana Tech,0.03,0.98,0.95,0.878699942,2023
Fordham,0.03,1.0,0.97,0.8753287743,2023
Cal Baptist,0.03,1.01,0.98,0.8732071142,2023
Wyoming,0.03,1.02,0.98,0.8669154229,2023
James Madison,0.03,1.02,0.99,0.8656966984,2023
Loyola Marymount,0.03,1.08,1.06,0.8547008547,2023
South Alabama,0.03,1.03,1.0,0.8544403573,2023
Duquesne,0.03,1.1,1.07,0.8084795322,2023
Fresno St.,0.03,1.03,1.0,0.8001233806,2023
Temple,0.03,1.04,1.01,0.7981961669,2023
San Diego,0.03,1.11,1.09,0.7951052931,2023
Georgia Tech,0.03,1.09,1.05,0.7647684939,2023
UC Riverside,0.03,1.02,0.99,0.7560728745,2023
Minnesota,0.03,1.07,1.03,0.7487980769,2023
Butler,0.03,1.01,0.98,0.7391058291,2023
Florida St.,0.03,1.09,1.06,0.7282608696,2023
Georgetown,0.03,1.06,1.03,0.6725297465,2023
Southern Utah,0.02,1.05,1.03,0.8917682927,2023
Middle Tennessee,0.02,1.02,1.0,0.8415393322,2023
Charlotte,0.02,1.04,1.02,0.8338675214,2023
Troy,0.02,1.01,0.99,0.8326601269,2023
Northern Kentucky,0.02,1.04,1.02,0.8275678552,2023
Belmont,0.02,1.08,1.06,0.8269126424,2023
UNC Greensboro,0.02,1.05,1.03,0.8158051099,2023
Penn,0.02,1.11,1.09,0.8075089392,2023
Tulsa,0.02,0.96,0.94,0.8020022247,2023
Washington,0.02,1.03,1.01,0.7944078947,2023
Southern Miss,0.02,1.03,1.02,0.7785467128,2023
Eastern Kentucky,0.02,1.06,1.05,0.75,2023
Missouri St.,0.01,1.0,0.99,0.8457508731,2023
George Mason,0.01,1.0,0.99,0.8319232939,2023
UTEP,0.01,0.97,0.97,0.8024242424,2023
SMU,0.01,1.02,1.01,0.7712350182,2023
Tarleton St.,0.01,0.98,0.97,0.7649301144,2023
UC Irvine,0.01,1.03,1.02,0.7529715762,2023
South Dakota St.,0.01,1.07,1.05,0.7524467473,2023
Pepperdine,0.01,1.12,1.11,0.7504141358,2023
Harvard,0.0,1.01,1.01,0.8866259335,2023
Brown,0.0,1.0,1.0,0.8336544637,2023
Youngstown St.,0.0,1.09,1.09,0.8298200514,2023
New Mexico St.,0.0,1.0,1.0,0.8291873964,2023
Gardner Webb,0.0,0.98,0.98,0.8236775819,2023
UC Davis,0.0,1.03,1.03,0.8045023697,2023
South Carolina,0.0,1.05,1.05,0.7990249187,2023
Towson,0.0,1.05,1.05,0.7970863684,2023
Hawaii,0.0,1.0,1.0,0.7910447761,2023
Stephen F. Austin,0.0,1.01,1.01,0.774527727,2023
Montana,0.0,1.05,1.05,0.7619047619,2023
Long Beach St.,0.0,1.05,1.05,0.7449974346,2023
Texas St.,0.0,1.03,1.03,0.7436781609,2023
Cornell,-0.01,1.05,1.06,0.9023631841,2023
Queens of Charlotte,-0.01,1.03,1.05,0.8733031674,2023
Saint Joseph's,-0.01,1.03,1.03,0.8660062565,2023
Air Force,-0.01,1.04,1.05,0.8655256724,2023
Ohio,-0.01,1.09,1.1,0.8518332496,2023
Richmond,-0.01,1.03,1.04,0.8514796203,2023
Georgia,-0.01,1.02,1.03,0.8317334839,2023
Cal St. Fullerton,-0.01,1.01,1.02,0.809976247,2023
Massachusetts,-0.01,1.04,1.05,0.7912205567,2023
Longwood,-0.01,1.01,1.02,0.7878433665,2023
Old Dominion,-0.01,0.99,1.01,0.7621843805,2023
Chattanooga,-0.02,1.06,1.07,0.8982035928,2023
Eastern Washington,-0.02,1.06,1.09,0.8615384615,2023
Wofford,-0.02,1.08,1.1,0.8551401869,2023
East Carolina,-0.02,1.0,1.02,0.8475738397,2023
Ball St.,-0.02,1.07,1.1,0.8409363745,2023
Abilene Christian,-0.02,0.99,1.01,0.8175230567,2023
Detroit,-0.02,1.12,1.14,0.7614445575,2023
Weber St.,-0.02,0.98,1.0,0.7613143211,2023
Campbell,-0.03,1.02,1.04,0.8854229154,2023
Loyola Chicago,-0.03,1.01,1.04,0.8638583639,2023
Samford,-0.03,1.03,1.06,0.858056266,2023
Lipscomb,-0.03,1.03,1.06,0.8561835478,2023
Utah Tech,-0.03,1.0,1.03,0.855721393,2023
FIU,-0.03,1.02,1.05,0.8379310345,2023
Northern Iowa,-0.03,1.0,1.03,0.8152237071,2023
George Washington,-0.03,1.05,1.09,0.8042505593,2023
Northwestern St.,-0.03,1.09,1.12,0.793472718,2023
Radford,-0.03,1.04,1.07,0.7658128594,2023
East Tennessee St.,-0.03,1.03,1.06,0.7619617225,2023
Appalachian St.,-0.03,0.97,1.0,0.7564259486,2023
Northern Arizona,-0.03,1.1,1.14,0.7534246575,2023
Murray St.,-0.03,1.06,1.09,0.7481523593,2023
Western Kentucky,-0.03,1.02,1.06,0.7435028249,2023
Wright St.,-0.03,1.03,1.06,0.7225939269,2023
Bryant,-0.04,1.02,1.06,0.9060293319,2023
UT Rio Grande Valley,-0.04,1.02,1.06,0.899872449,2023
Southern Illinois,-0.04,0.96,0.99,0.8933092224,2023
Western Carolina,-0.04,1.03,1.07,0.8665549972,2023
Northern Colorado,-0.04,1.07,1.11,0.8568220101,2023
Buffalo,-0.04,1.01,1.06,0.8300161377,2023
Kennesaw St.,-0.04,1.0,1.04,0.823819978,2023
Drexel,-0.04,0.97,1.01,0.7979033197,2023
Siena,-0.04,0.99,1.03,0.7801017524,2023
Purdue Fort Wayne,-0.05,0.99,1.05,0.8560906516,2023
UMass Lowell,-0.05,0.95,1.01,0.8310774228,2023
Jacksonville St.,-0.05,1.02,1.06,0.8307086614,2023
UMBC,-0.05,1.03,1.07,0.794734014,2023
Oregon St.,-0.05,0.98,1.03,0.7830882353,2023
Delaware,-0.05,1.01,1.07,0.7708565072,2023
Cleveland St.,-0.05,1.03,1.08,0.7662468514,2023
California,-0.05,0.96,1.01,0.7467532468,2023
UNC Wilmington,-0.05,0.96,1.01,0.742145821,2023
Portland St.,-0.06,1.03,1.09,0.8313885648,2023
Pacific,-0.06,1.11,1.17,0.8287444934,2023
UNC Asheville,-0.06,1.01,1.08,0.8250993754,2023
South Florida,-0.06,0.96,1.02,0.8157338965,2023
Norfolk St.,-0.06,1.0,1.06,0.8109640832,2023
Stetson,-0.06,1.05,1.11,0.8101635514,2023
Nicholls St.,-0.06,1.0,1.06,0.8095525998,2023
UC San Diego,-0.06,0.98,1.04,0.8020113136,2023
St. Bonaventure,-0.06,1.0,1.06,0.7803790412,2023
Georgia Southern,-0.06,0.96,1.02,0.7764976959,2023
Grambling St.,-0.06,0.94,1.0,0.7552870091,2023
Florida Gulf Coast,-0.07,1.01,1.08,0.8543909348,2023
St. Thomas,-0.07,1.02,1.09,0.850967008,2023
Navy,-0.07,0.96,1.03,0.8500871586,2023
Quinnipiac,-0.07,0.97,1.05,0.8429035753,2023
Southern Indiana,-0.07,1.01,1.08,0.8099399235,2023
La Salle,-0.07,1.01,1.07,0.7967599411,2023
North Carolina Central,-0.07,0.92,1.0,0.7943015983,2023
Rhode Island,-0.07,0.96,1.02,0.7807365439,2023
UT Arlington,-0.07,0.96,1.03,0.7726161369,2023
Canisius,-0.07,0.99,1.06,0.7571756602,2023
Rider,-0.07,1.01,1.08,0.7146268657,2023
Howard,-0.08,0.97,1.05,0.8598382749,2023
Morehead St.,-0.08,0.94,1.02,0.8161490683,2023
Robert Morris,-0.08,0.98,1.06,0.8050704225,2023
Idaho St.,-0.08,1.0,1.08,0.7879330944,2023
North Dakota St.,-0.08,1.03,1.11,0.7840136054,2023
Louisville,-0.08,0.99,1.07,0.7611764706,2023
Arkansas St.,-0.08,0.97,1.05,0.747977598,2023
Milwaukee,-0.09,1.02,1.11,0.9020979021,2023
Sacramento St.,-0.09,0.99,1.08,0.8852258852,2023
Western Illinois,-0.09,1.06,1.15,0.8475765306,2023
Boston University,-0.09,0.95,1.04,0.8356781092,2023
Coastal Carolina,-0.09,1.01,1.1,0.8352306771,2023
Fairfield,-0.09,0.93,1.02,0.8226906386,2023
Niagara,-0.09,0.97,1.06,0.820952381,2023
Fairleigh Dickinson,-0.09,1.04,1.12,0.8134883721,2023
Marist,-0.09,0.95,1.03,0.7868131868,2023
Valparaiso,-0.09,1.0,1.09,0.7693169093,2023
Prairie View A&M,-0.09,0.94,1.03,0.752688172,2023
Mercer,-0.09,0.99,1.08,0.7144495413,2023
Dartmouth,-0.1,0.94,1.05,0.8468770987,2023
Miami OH,-0.1,1.04,1.15,0.8325092707,2023
Jacksonville,-0.1,0.96,1.06,0.7926646707,2023
Georgia St.,-0.1,0.95,1.05,0.785443038,2023
USC Upstate,-0.1,1.01,1.11,0.7834240774,2023
Texas Southern,-0.1,0.93,1.03,0.7552699229,2023
Louisiana Monroe,-0.1,0.95,1.05,0.7468123862,2023
Army,-0.11,0.97,1.08,0.8883040936,2023
Lafayette,-0.11,0.93,1.04,0.8495481127,2023
Oakland,-0.11,1.0,1.11,0.8286961266,2023
Northern Illinois,-0.11,0.96,1.07,0.8209399167,2023
Idaho,-0.11,0.98,1.1,0.8141146818,2023
SIU Edwardsville,-0.11,0.96,1.07,0.8010380623,2023
Southern,-0.11,0.9,1.0,0.7987164527,2023
Bellarmine,-0.11,0.96,1.07,0.7940606843,2023
Maine,-0.11,0.91,1.03,0.7938080495,2023
Saint Peter's,-0.11,0.93,1.04,0.7901023891,2023
Bowling Green,-0.11,1.02,1.13,0.7866972477,2023
Lehigh,-0.11,0.96,1.07,0.7680878553,2023
Cal Poly,-0.11,0.89,1.0,0.7490660025,2023
Merrimack,-0.12,0.9,1.02,0.9040097205,2023
North Alabama,-0.12,0.97,1.09,0.8434065934,2023
Western Michigan,-0.12,1.05,1.16,0.8133086876,2023
Illinois St.,-0.12,0.98,1.09,0.8128310771,2023
Maryland Eastern Shore,-0.12,0.89,1.01,0.8104575163,2023
UTSA,-0.12,0.99,1.11,0.7946902655,2023
Southeast Missouri St.,-0.12,0.96,1.08,0.7918287938,2023
Southeastern Louisiana,-0.12,0.99,1.11,0.7759908099,2023
Jackson St.,-0.12,0.92,1.04,0.7650760357,2023
South Dakota,-0.12,1.01,1.13,0.7634342187,2023
Alcorn St.,-0.12,0.93,1.05,0.7229946524,2023
Cal St. Bakersfield,-0.12,0.9,1.03,0.6256067961,2023
North Dakota,-0.13,1.0,1.13,0.8850828729,2023
Tennessee St.,-0.13,0.95,1.08,0.8756692445,2023
Denver,-0.13,1.03,1.16,0.8506815366,2023
Sacred Heart,-0.13,0.93,1.06,0.8407445708,2023
William & Mary,-0.13,0.97,1.1,0.8219339623,2023
Tennessee Tech,-0.13,0.95,1.08,0.8011494253,2023
Charleston Southern,-0.13,1.03,1.16,0.7716814159,2023
Mount St. Mary's,-0.13,0.93,1.05,0.7448747153,2023
Eastern Michigan,-0.13,1.02,1.14,0.7113636364,2023
North Florida,-0.14,1.03,1.16,0.8962485346,2023
Winthrop,-0.14,1.02,1.15,0.8943616332,2023
High Point,-0.14,1.0,1.14,0.8726303318,2023
The Citadel,-0.14,0.98,1.12,0.8725778039,2023
Tennessee Martin,-0.14,0.98,1.12,0.8529748284,2023
Central Arkansas,-0.14,0.97,1.11,0.8516971279,2023
Arkansas Pine Bluff,-0.14,0.89,1.03,0.8439763002,2023
Wagner,-0.14,0.89,1.04,0.7907444668,2023
Central Connecticut,-0.14,0.93,1.07,0.7790821772,2023
UMKC,-0.14,1.01,1.15,0.7703097604,2023
Nebraska Omaha,-0.14,0.99,1.13,0.7190558434,2023
Illinois Chicago,-0.15,0.92,1.07,0.8747826087,2023
American,-0.15,0.94,1.09,0.8245398773,2023
Northeastern,-0.15,0.96,1.11,0.8234604106,2023
VMI,-0.15,0.96,1.11,0.8087719298,2023
Eastern Illinois,-0.15,0.95,1.1,0.7630787733,2023
Alabama A&M,-0.15,0.9,1.04,0.7533923304,2023
Binghamton,-0.15,0.94,1.1,0.7486305539,2023
Monmouth,-0.15,0.93,1.08,0.7428571429,2023
Bethune Cookman,-0.15,0.93,1.08,0.7340974212,2023
Manhattan,-0.16,0.91,1.06,0.8369363805,2023
Loyola MD,-0.16,0.95,1.12,0.8087625814,2023
Elon,-0.16,0.93,1.09,0.8040865385,2023
New Hampshire,-0.16,0.92,1.07,0.7964108911,2023
Austin Peay,-0.16,0.93,1.09,0.7800125707,2023
Cal St. Northridge,-0.16,0.92,1.07,0.7421580928,2023
Bucknell,-0.17,0.95,1.12,0.7928571429,2023
Evansville,-0.17,0.9,1.07,0.7850924918,2023
Little Rock,-0.17,0.96,1.13,0.7098214286,2023
McNeese St.,-0.18,0.98,1.16,0.8254716981,2023
Lindenwood,-0.18,0.93,1.11,0.7919179735,2023
South Carolina St.,-0.18,0.92,1.1,0.7748691099,2023
NJIT,-0.18,0.91,1.09,0.7705202312,2023
Incarnate Word,-0.18,0.92,1.1,0.7633928571,2023
Holy Cross,-0.18,0.91,1.09,0.7606936416,2023
Hampton,-0.18,0.94,1.11,0.7422096317,2023
Chicago St.,-0.19,0.97,1.17,0.8957632818,2023
Texas A&M Commerce,-0.19,0.95,1.15,0.8506063947,2023
Presbyterian,-0.19,0.91,1.1,0.8266919671,2023
St. Francis PA,-0.19,0.95,1.14,0.8038247995,2023
Alabama St.,-0.19,0.91,1.1,0.739476678,2023
Stony Brook,-0.19,0.9,1.08,0.7380368098,2023
Morgan St.,-0.19,0.9,1.1,0.7228840125,2023
Coppin St.,-0.2,0.93,1.13,0.8736724427,2023
Stonehill College,-0.2,0.89,1.1,0.8658614113,2023
Central Michigan,-0.2,0.93,1.13,0.8045685279,2023
New Orleans,-0.2,0.95,1.15,0.78601315,2023
North Carolina A&T,-0.2,0.93,1.13,0.7699208443,2023
Houston Christian,-0.21,1.02,1.22,0.8706528371,2023
Albany,-0.21,0.93,1.14,0.8334314303,2023
Columbia,-0.21,0.89,1.1,0.8194968553,2023
Lamar,-0.21,0.98,1.19,0.7852135118,2023
St. Francis NY,-0.22,0.86,1.08,0.7827208253,2023
Mississippi Valley St.,-0.23,0.87,1.1,0.745984533,2023
Florida A&M,-0.24,0.84,1.08,0.7134711333,2023
Delaware St.,-0.25,0.86,1.11,0.6829113924,2023
IUPUI,-0.26,0.93,1.19,0.7703795893,2023
LIU,-0.27,0.85,1.13,0.7287475665,2023
Hartford,-0.29,0.84,1.12,0.8159463487,2023
Green Bay,-0.29,0.86,1.16,0.7932692308,2023
